9.0,8.0,5.0,11.0,12.0,10.0,4.0,8.0,4.0,14.0,0.0,15.0,2.0,11.0,7.0,2.0,12.0,4.0,5.0,2.0,11.0,6.0,2.0,6.0,13.0,12.0,10.0,7.0,9.0,13.0,10.0,9.0,4.0,9.0,13.0,6.0,11.0,13.0,14.0,0.0,14.0,12.0,2.0,13.0,14.0,15.0,12.0,9.0,12.0,7.0,4.0,13.0,13.0,7.0,15.0,8.0,3.0,6.0,3.0,10.0,11.0,11.0,7.0,7.0,9.0,9.0,17.0,7.0,5.0,7.0,12.0,1.0,7.0,10.0,6.0,8.0,2.0,33.0,59.0,38.0,23.0,26.0,53.0,115.0,78.0,56.0,122.0,88.0,81.0,124.0,99.0,78.0,118.0,99.0,94.0,126.0,91.0,105.0,114.0,71.0,81.0,97.0,84.0,64.0,103.0,84.0,65.0,112.0,98.0,87.0,114.0,89.0,94.0,104.0,106.0,106.0,102.0,83.0,102.0,82.0,58.0,68.0,78.0,37.0,71.0,71.0,25.0,40.0,57.0,28.0,66.0,64.0,41.0,67.0,32.0,56.0,63.0,27.0,67.0,56.0,62.0,77.0,41.0,85.0,40.0,66.0,38.0,56.0,43.0,46.0,64.0,31.0,46.0,27.0,43.0,21.0,28.0,31.0,39.0,29.0,17.0,16.0,10.0,12.0,11.0,15.0,13.0,5.0,11.0,9.0,8.0,13.0,15.0,6.0,3.0,7.0,9.0,12.0,12.0,12.0,8.0,3.0,7.0,13.0,8.0,12.0,8.0,6.0,12.0,13.0,15.0,6.0,15.0,8.0,8.0,5.0,9.0,9.0,9.0,11.0
4.0,18.0,6.0,8.0,10.0,10.0,11.0,11.0,13.0,7.0,7.0,10.0,12.0,7.0,4.0,11.0,13.0,7.0,5.0,3.0,8.0,2.0,2.0,6.0,11.0,9.0,14.0,11.0,6.0,10.0,7.0,5.0,5.0,15.0,11.0,10.0,12.0,2.0,9.0,6.0,6.0,14.0,8.0,11.0,7.0,2.0,4.0,17.0,8.0,10.0,8.0,9.0,11.0,4.0,3.0,14.0,10.0,13.0,11.0,29.0,27.0,22.0,16.0,46.0,127.0,138.0,145.0,138.0,132.0,140.0,98.0,150.0,134.0,70.0,132.0,136.0,66.0,106.0,139.0,77.0,119.0,114.0,84.0,140.0,119.0,97.0,121.0,95.0,97.0,98.0,102.0,113.0,108.0,105.0,115.0,100.0,95.0,112.0,93.0,71.0,107.0,100.0,73.0,103.0,106.0,55.0,84.0,86.0,50.0,75.0,93.0,48.0,78.0,52.0,56.0,66.0,18.0,74.0,73.0,24.0,56.0,42.0,50.0,65.0,23.0,75.0,85.0,52.0,67.0,29.0,75.0,62.0,59.0,86.0,31.0,78.0,30.0,69.0,41.0,51.0,67.0,23.0,49.0,29.0,39.0,21.0,39.0,31.0,36.0,30.0,12.0,13.0,14.0,12.0,8.0,13.0,6.0,12.0,6.0,4.0,6.0,9.0,4.0,12.0,12.0,8.0,14.0,11.0,5.0,3.0,8.0,14.0,12.0,12.0,9.0,6.0,11.0,5.0,12.0,5.0,11.0,12.0,10.0,7.0,5.0,8.0,7.0,9.0,10.0,10.0,13.0,0.0,15.0,10.0,14.0,10.0,7.0,4.0,7.0,12.0
6.0,13.0,7.0,15.0,13.0,9.0,10.0,4.0,11.0,12.0,15.0,3.0,8.0,15.0,7.0,4.0,15.0,4.0,15.0,4.0,15.0,8.0,10.0,14.0,8.0,8.0,7.0,2.0,10.0,4.0,10.0,15.0,10.0,9.0,10.0,10.0,4.0,13.0,5.0,12.0,15.0,9.0,6.0,0.0,4.0,13.0,15.0,9.0,6.0,7.0,11.0,15.0,18.0,16.0,24.0,31.0,33.0,10.0,78.0,132.0,169.0,110.0,180.0,171.0,97.0,209.0,194.0,99.0,176.0,181.0,117.0,188.0,163.0,143.0,182.0,137.0,129.0,169.0,149.0,126.0,156.0,132.0,161.0,172.0,135.0,156.0,190.0,147.0,205.0,210.0,176.0,202.0,184.0,159.0,191.0,133.0,125.0,131.0,89.0,125.0,106.0,79.0,80.0,90.0,41.0,72.0,80.0,53.0,52.0,43.0,77.0,83.0,40.0,63.0,37.0,82.0,74.0,14.0,72.0,51.0,68.0,89.0,48.0,82.0,55.0,79.0,89.0,29.0,84.0,29.0,75.0,33.0,74.0,87.0,33.0,79.0,31.0,60.0,21.0,49.0,59.0,35.0,38.0,16.0,37.0,21.0,30.0,21.0,18.0,17.0,8.0,4.0,7.0,11.0,6.0,18.0,10.0,5.0,4.0,7.0,5.0,15.0,10.0,10.0,15.0,9.0,4.0,4.0,7.0,7.0,3.0,9.0,4.0,15.0,13.0,7.0,9.0,4.0,4.0,13.0,7.0,5.0,15.0,9.0,5.0,15.0,6.0,6.0,4.0,13.0,6.0,6.0,7.0,12.0,14.0,0.0,14.0,5.0,4.0,5.0
5.0,12.0,6.0,11.0,15.0,10.0,12.0,1.0,4.0,4.0,2.0,12.0,10.0,0.0,12.0,7.0,7.0,11.0,6.0,13.0,5.0,9.0,14.0,4.0,5.0,8.0,15.0,8.0,4.0,5.0,8.0,11.0,4.0,8.0,11.0,15.0,15.0,8.0,11.0,13.0,2.0,5.0,9.0,6.0,13.0,14.0,11.0,9.0,14.0,6.0,8.0,6.0,10.0,10.0,33.0,37.0,53.0,31.0,19.0,13.0,17.0,60.0,82.0,138.0,139.0,107.0,156.0,127.0,96.0,135.0,141.0,102.0,137.0,97.0,129.0,118.0,84.0,145.0,136.0,68.0,129.0,130.0,67.0,128.0,119.0,79.0,124.0,114.0,108.0,119.0,111.0,99.0,104.0,56.0,101.0,108.0,65.0,106.0,90.0,87.0,98.0,76.0,101.0,91.0,72.0,88.0,80.0,52.0,60.0,50.0,60.0,78.0,35.0,47.0,49.0,65.0,70.0,38.0,86.0,65.0,44.0,70.0,25.0,66.0,60.0,45.0,80.0,44.0,80.0,86.0,45.0,83.0,28.0,88.0,28.0,92.0,73.0,63.0,78.0,43.0,71.0,43.0,55.0,34.0,53.0,62.0,30.0,39.0,16.0,38.0,14.0,31.0,27.0,12.0,6.0,10.0,4.0,11.0,9.0,4.0,8.0,10.0,11.0,11.0,11.0,7.0,2.0,9.0,1.0,5.0,8.0,3.0,7.0,8.0,7.0,10.0,13.0,13.0,14.0,10.0,12.0,13.0,12.0,13.0,4.0,15.0,9.0,2.0,3.0,5.0,14.0,5.0,9.0,17.0,12.0,14.0,14.0,6.0,15.0,9.0
11.0,12.0,10.0,13.0,15.0,12.0,18.0,13.0,14.0,6.0,8.0,7.0,11.0,5.0,7.0,5.0,14.0,10.0,6.0,19.0,6.0,4.0,5.0,5.0,9.0,18.0,5.0,11.0,10.0,13.0,7.0,8.0,9.0,8.0,12.0,15.0,8.0,11.0,8.0,11.0,12.0,15.0,12.0,8.0,7.0,11.0,9.0,32.0,50.0,21.0,17.0,14.0,32.0,96.0,86.0,119.0,122.0,96.0,142.0,105.0,109.0,132.0,70.0,130.0,114.0,85.0,120.0,107.0,75.0,112.0,107.0,75.0,134.0,95.0,128.0,135.0,99.0,140.0,147.0,91.0,148.0,157.0,124.0,160.0,160.0,128.0,165.0,156.0,130.0,174.0,140.0,119.0,127.0,84.0,120.0,107.0,52.0,85.0,94.0,44.0,69.0,75.0,55.0,66.0,48.0,76.0,66.0,30.0,59.0,47.0,55.0,77.0,35.0,66.0,74.0,49.0,78.0,59.0,71.0,77.0,41.0,88.0,38.0,86.0,94.0,42.0,82.0,28.0,80.0,59.0,42.0,54.0,19.0,57.0,34.0,59.0,44.0,20.0,28.0,19.0,35.0,13.0,14.0,11.0,12.0,13.0,17.0,11.0,6.0,5.0,6.0,12.0,7.0,9.0,10.0,5.0,7.0,6.0,14.0,1.0,9.0,14.0,15.0,11.0,6.0,9.0,2.0,12.0,7.0,7.0,12.0,7.0,15.0,15.0,13.0,10.0,13.0,8.0,9.0,16.0,13.0,2.0,15.0,3.0,13.0,10.0,8.0,10.0,8.0,9.0,12.0,7.0,5.0,11.0,8.0,7.0,10.0,12.0,13.0,11.0
5.0,15.0,12.0,9.0,9.0,7.0,9.0,13.0,6.0,4.0,14.0,9.0,4.0,8.0,4.0,7.0,15.0,7.0,6.0,10.0,6.0,8.0,4.0,12.0,6.0,12.0,13.0,6.0,5.0,5.0,7.0,11.0,15.0,11.0,9.0,10.0,14.0,8.0,8.0,15.0,5.0,11.0,11.0,13.0,10.0,13.0,14.0,13.0,17.0,3.0,2.0,15.0,8.0,14.0,4.0,12.0,7.0,8.0,9.0,10.0,14.0,13.0,6.0,15.0,24.0,19.0,29.0,15.0,16.0,15.0,60.0,104.0,119.0,95.0,58.0,111.0,108.0,75.0,107.0,68.0,72.0,93.0,61.0,91.0,108.0,47.0,119.0,103.0,63.0,115.0,112.0,71.0,112.0,105.0,81.0,110.0,109.0,94.0,102.0,99.0,89.0,111.0,102.0,81.0,107.0,90.0,98.0,91.0,61.0,94.0,97.0,40.0,86.0,89.0,32.0,69.0,67.0,37.0,64.0,35.0,66.0,71.0,17.0,64.0,60.0,50.0,71.0,22.0,63.0,83.0,50.0,67.0,22.0,83.0,60.0,73.0,84.0,37.0,79.0,32.0,75.0,38.0,72.0,64.0,35.0,59.0,24.0,54.0,24.0,52.0,37.0,18.0,33.0,13.0,23.0,11.0,14.0,6.0,7.0,14.0,12.0,13.0,14.0,9.0,6.0,4.0,7.0,11.0,4.0,15.0,9.0,12.0,6.0,10.0,10.0,12.0,6.0,14.0,11.0,8.0,11.0,2.0,9.0,9.0,3.0,10.0,8.0,8.0,4.0,3.0,7.0,3.0,10.0,6.0,10.0,6.0,8.0,11.0,8.0,15.0
4.0,13.0,7.0,6.0,5.0,13.0,3.0,5.0,15.0,10.0,8.0,12.0,5.0,10.0,6.0,2.0,11.0,7.0,8.0,9.0,11.0,7.0,7.0,7.0,15.0,6.0,14.0,11.0,11.0,15.0,6.0,10.0,9.0,11.0,10.0,5.0,12.0,11.0,10.0,10.0,14.0,7.0,3.0,14.0,15.0,4.0,13.0,5.0,12.0,11.0,6.0,7.0,11.0,8.0,4.0,12.0,13.0,10.0,12.0,12.0,13.0,10.0,14.0,2.0,2.0,9.0,7.0,11.0,4.0,10.0,23.0,33.0,31.0,17.0,16.0,52.0,68.0,175.0,133.0,105.0,162.0,125.0,114.0,166.0,134.0,102.0,139.0,140.0,108.0,157.0,170.0,108.0,166.0,143.0,144.0,97.0,163.0,140.0,88.0,138.0,123.0,82.0,144.0,132.0,106.0,142.0,134.0,125.0,164.0,144.0,118.0,137.0,142.0,103.0,126.0,134.0,101.0,89.0,109.0,82.0,66.0,93.0,67.0,55.0,91.0,45.0,74.0,90.0,46.0,67.0,57.0,37.0,74.0,44.0,63.0,56.0,17.0,55.0,53.0,39.0,56.0,21.0,70.0,78.0,39.0,60.0,24.0,80.0,38.0,66.0,70.0,25.0,67.0,24.0,65.0,34.0,63.0,70.0,33.0,57.0,20.0,46.0,26.0,45.0,35.0,24.0,24.0,11.0,18.0,14.0,7.0,8.0,10.0,10.0,15.0,10.0,12.0,11.0,9.0,6.0,8.0,4.0,13.0,11.0,14.0,8.0,14.0,13.0,3.0,10.0,14.0,6.0,3.0,11.0,14.0,5.0,7.0,8.0,10.0,5.0
15.0,7.0,8.0,13.0,9.0,8.0,2.0,13.0,10.0,11.0,2.0,7.0,15.0,12.0,6.0,17.0,10.0,12.0,12.0,3.0,5.0,4.0,3.0,9.0,5.0,4.0,1.0,13.0,6.0,15.0,7.0,13.0,14.0,3.0,3.0,10.0,0.0,11.0,12.0,7.0,9.0,6.0,3.0,11.0,11.0,11.0,16.0,12.0,7.0,15.0,13.0,11.0,5.0,8.0,15.0,11.0,12.0,5.0,13.0,10.0,16.0,86.0,78.0,37.0,11.0,15.0,44.0,98.0,97.0,119.0,105.0,73.0,132.0,107.0,89.0,124.0,70.0,123.0,93.0,82.0,109.0,109.0,73.0,104.0,101.0,75.0,104.0,56.0,103.0,110.0,44.0,102.0,109.0,56.0,102.0,120.0,85.0,113.0,94.0,116.0,111.0,68.0,121.0,107.0,89.0,122.0,92.0,102.0,91.0,79.0,116.0,105.0,78.0,78.0,74.0,44.0,60.0,51.0,73.0,71.0,20.0,73.0,34.0,88.0,83.0,38.0,80.0,42.0,67.0,74.0,17.0,76.0,37.0,81.0,80.0,36.0,78.0,29.0,78.0,60.0,55.0,81.0,36.0,75.0,35.0,49.0,28.0,47.0,49.0,47.0,51.0,26.0,37.0,23.0,42.0,37.0,27.0,21.0,9.0,10.0,13.0,9.0,8.0,13.0,15.0,13.0,10.0,11.0,15.0,4.0,11.0,12.0,2.0,15.0,7.0,11.0,13.0,14.0,2.0,1.0,15.0,9.0,15.0,12.0,12.0,14.0,6.0,9.0,3.0,11.0,14.0,11.0,6.0,3.0,15.0,10.0,8.0,7.0,15.0,15.0
6.0,10.0,13.0,13.0,9.0,6.0,5.0,15.0,5.0,71.0,6.0,9.0,10.0,9.0,14.0,10.0,7.0,18.0,9.0,2.0,5.0,4.0,5.0,14.0,9.0,14.0,17.0,15.0,11.0,8.0,10.0,8.0,3.0,9.0,12.0,1.0,10.0,4.0,13.0,13.0,10.0,10.0,6.0,14.0,20.0,35.0,16.0,19.0,17.0,26.0,94.0,66.0,100.0,104.0,53.0,94.0,102.0,57.0,105.0,111.0,60.0,102.0,97.0,64.0,97.0,94.0,63.0,100.0,86.0,69.0,105.0,81.0,64.0,96.0,83.0,74.0,93.0,86.0,78.0,93.0,96.0,111.0,105.0,102.0,117.0,116.0,85.0,130.0,140.0,110.0,140.0,135.0,118.0,145.0,139.0,118.0,125.0,98.0,58.0,78.0,56.0,53.0,79.0,39.0,47.0,59.0,41.0,55.0,38.0,61.0,59.0,18.0,56.0,53.0,44.0,65.0,37.0,52.0,72.0,33.0,81.0,41.0,79.0,72.0,63.0,72.0,19.0,75.0,23.0,68.0,49.0,42.0,47.0,21.0,49.0,24.0,36.0,30.0,26.0,23.0,10.0,19.0,24.0,12.0,8.0,7.0,6.0,11.0,13.0,6.0,7.0,11.0,14.0,10.0,11.0,16.0,14.0,12.0,16.0,10.0,12.0,6.0,5.0,6.0,10.0,13.0,3.0,4.0,8.0,9.0,7.0,12.0,11.0,2.0,8.0,5.0,12.0,6.0,8.0,8.0,7.0,6.0,4.0,0.0,14.0,11.0,8.0,11.0,8.0,11.0,10.0,12.0,4.0,14.0,12.0,0.0,7.0,11.0,14.0,14.0
9.0,6.0,11.0,8.0,6.0,10.0,8.0,9.0,12.0,15.0,2.0,1.0,12.0,12.0,8.0,5.0,9.0,15.0,15.0,10.0,13.0,17.0,5.0,13.0,5.0,12.0,4.0,14.0,5.0,9.0,10.0,2.0,8.0,10.0,11.0,12.0,4.0,12.0,10.0,0.0,7.0,16.0,3.0,11.0,13.0,11.0,12.0,8.0,38.0,29.0,17.0,14.0,30.0,92.0,70.0,93.0,102.0,76.0,111.0,114.0,72.0,129.0,107.0,73.0,117.0,106.0,80.0,115.0,138.0,79.0,103.0,133.0,111.0,51.0,123.0,131.0,70.0,119.0,123.0,98.0,103.0,114.0,93.0,88.0,113.0,98.0,82.0,107.0,103.0,86.0,106.0,98.0,79.0,98.0,98.0,77.0,82.0,93.0,54.0,65.0,88.0,57.0,61.0,81.0,53.0,56.0,70.0,41.0,41.0,44.0,19.0,59.0,58.0,24.0,61.0,53.0,37.0,61.0,31.0,46.0,54.0,36.0,68.0,67.0,41.0,41.0,32.0,47.0,48.0,29.0,45.0,19.0,51.0,36.0,28.0,40.0,15.0,34.0,38.0,38.0,25.0,28.0,21.0,11.0,16.0,12.0,14.0,14.0,11.0,5.0,7.0,7.0,7.0,9.0,17.0,13.0,14.0,8.0,10.0,13.0,6.0,9.0,13.0,11.0,14.0,8.0,14.0,18.0,12.0,5.0,7.0,7.0,13.0,0.0,12.0,9.0,15.0,10.0,16.0,7.0,19.0,9.0,10.0,6.0,14.0,4.0,7.0,16.0,9.0,5.0,11.0,10.0,10.0,13.0,7.0,8.0,5.0,11.0,8.0,11.0
11.0,6.0,5.0,12.0,11.0,1.0,11.0,9.0,7.0,14.0,16.0,6.0,9.0,12.0,13.0,10.0,13.0,13.0,15.0,7.0,6.0,7.0,4.0,14.0,0.0,1.0,2.0,11.0,9.0,5.0,5.0,7.0,11.0,6.0,9.0,1.0,20.0,6.0,5.0,35.0,21.0,31.0,30.0,12.0,15.0,24.0,41.0,97.0,89.0,113.0,123.0,63.0,133.0,143.0,82.0,105.0,148.0,129.0,58.0,144.0,131.0,69.0,113.0,140.0,117.0,68.0,126.0,129.0,53.0,129.0,131.0,87.0,106.0,130.0,105.0,73.0,118.0,97.0,66.0,105.0,107.0,80.0,103.0,102.0,81.0,96.0,93.0,75.0,89.0,106.0,84.0,69.0,100.0,61.0,52.0,78.0,55.0,54.0,74.0,42.0,50.0,58.0,16.0,60.0,63.0,18.0,64.0,56.0,35.0,65.0,29.0,52.0,54.0,35.0,59.0,66.0,37.0,61.0,28.0,53.0,40.0,67.0,61.0,20.0,50.0,16.0,47.0,43.0,47.0,40.0,21.0,33.0,27.0,39.0,23.0,22.0,17.0,19.0,24.0,21.0,9.0,13.0,9.0,7.0,12.0,10.0,11.0,14.0,6.0,10.0,13.0,5.0,11.0,12.0,12.0,10.0,13.0,15.0,14.0,2.0,8.0,9.0,5.0,1.0,8.0,3.0,3.0,8.0,14.0,2.0,9.0,10.0,6.0,13.0,12.0,8.0,11.0,12.0,15.0,10.0,10.0,7.0,7.0,7.0,1.0,7.0,7.0,3.0,1.0,4.0,10.0,15.0,15.0,6.0,6.0,9.0,8.0,9.0,6.0,5.0
12.0,7.0,12.0,13.0,9.0,6.0,5.0,6.0,13.0,8.0,8.0,10.0,12.0,9.0,9.0,13.0,9.0,5.0,2.0,8.0,5.0,7.0,14.0,7.0,15.0,10.0,5.0,8.0,12.0,7.0,7.0,4.0,9.0,12.0,5.0,9.0,14.0,15.0,7.0,11.0,11.0,1.0,14.0,13.0,40.0,5.0,27.0,23.0,12.0,13.0,11.0,81.0,42.0,111.0,127.0,81.0,115.0,126.0,92.0,116.0,114.0,92.0,124.0,114.0,88.0,138.0,133.0,84.0,148.0,126.0,90.0,155.0,125.0,79.0,121.0,124.0,100.0,127.0,106.0,105.0,127.0,104.0,99.0,114.0,108.0,86.0,129.0,119.0,105.0,117.0,124.0,108.0,111.0,117.0,97.0,96.0,94.0,65.0,57.0,64.0,47.0,61.0,56.0,42.0,51.0,24.0,55.0,68.0,24.0,59.0,54.0,34.0,54.0,25.0,59.0,58.0,35.0,68.0,46.0,56.0,92.0,40.0,70.0,25.0,76.0,64.0,53.0,61.0,24.0,59.0,21.0,58.0,41.0,61.0,52.0,21.0,59.0,17.0,39.0,38.0,46.0,31.0,19.0,19.0,12.0,10.0,9.0,13.0,12.0,14.0,14.0,13.0,8.0,7.0,6.0,7.0,7.0,6.0,8.0,10.0,3.0,3.0,9.0,7.0,12.0,7.0,1.0,5.0,10.0,7.0,5.0,7.0,0.0,7.0,4.0,12.0,10.0,5.0,11.0,10.0,12.0,9.0,7.0,10.0,8.0,3.0,9.0,12.0,13.0,12.0,10.0,0.0,11.0,4.0,10.0,8.0,9.0,7.0,2.0,6.0
7.0,3.0,8.0,14.0,6.0,4.0,14.0,9.0,14.0,10.0,5.0,11.0,7.0,5.0,10.0,2.0,15.0,5.0,2.0,13.0,11.0,7.0,4.0,3.0,8.0,15.0,6.0,19.0,3.0,3.0,12.0,13.0,8.0,14.0,7.0,9.0,3.0,13.0,8.0,10.0,12.0,6.0,6.0,13.0,8.0,12.0,15.0,14.0,6.0,7.0,6.0,11.0,7.0,6.0,9.0,19.0,18.0,22.0,14.0,28.0,32.0,103.0,80.0,99.0,105.0,80.0,102.0,87.0,86.0,84.0,90.0,87.0,98.0,84.0,83.0,106.0,113.0,85.0,126.0,118.0,89.0,133.0,121.0,89.0,137.0,122.0,101.0,134.0,130.0,121.0,146.0,127.0,112.0,149.0,125.0,121.0,138.0,128.0,126.0,124.0,113.0,124.0,105.0,103.0,110.0,73.0,90.0,92.0,43.0,78.0,82.0,46.0,72.0,60.0,51.0,65.0,23.0,59.0,72.0,24.0,66.0,74.0,30.0,70.0,60.0,47.0,67.0,37.0,69.0,88.0,56.0,57.0,53.0,69.0,78.0,46.0,75.0,30.0,77.0,72.0,49.0,69.0,28.0,63.0,28.0,61.0,50.0,29.0,35.0,20.0,23.0,10.0,13.0,20.0,21.0,8.0,7.0,15.0,14.0,14.0,12.0,8.0,6.0,14.0,12.0,14.0,5.0,7.0,5.0,4.0,14.0,11.0,7.0,14.0,14.0,9.0,13.0,12.0,11.0,8.0,12.0,14.0,14.0,5.0,4.0,6.0,14.0,7.0,9.0,17.0,5.0,11.0,11.0,6.0,12.0,10.0,9.0,15.0,6.0,14.0
9.0,6.0,6.0,8.0,13.0,15.0,15.0,10.0,5.0,6.0,8.0,3.0,6.0,9.0,4.0,10.0,3.0,6.0,6.0,5.0,3.0,4.0,14.0,3.0,7.0,13.0,9.0,3.0,5.0,1.0,9.0,13.0,12.0,4.0,3.0,10.0,8.0,1.0,8.0,0.0,13.0,8.0,11.0,12.0,8.0,7.0,11.0,10.0,7.0,3.0,2.0,2.0,24.0,40.0,39.0,35.0,13.0,14.0,20.0,57.0,114.0,123.0,118.0,73.0,126.0,126.0,60.0,129.0,124.0,54.0,118.0,124.0,94.0,144.0,116.0,91.0,129.0,108.0,93.0,126.0,99.0,87.0,121.0,102.0,85.0,125.0,94.0,105.0,114.0,98.0,122.0,125.0,117.0,144.0,127.0,123.0,180.0,153.0,121.0,181.0,169.0,136.0,180.0,177.0,160.0,194.0,189.0,161.0,187.0,161.0,103.0,108.0,112.0,71.0,93.0,73.0,53.0,87.0,48.0,59.0,65.0,22.0,61.0,51.0,48.0,63.0,33.0,48.0,59.0,24.0,56.0,32.0,62.0,79.0,45.0,63.0,54.0,66.0,82.0,39.0,74.0,38.0,76.0,75.0,25.0,70.0,26.0,64.0,44.0,59.0,41.0,17.0,45.0,26.0,35.0,26.0,18.0,15.0,10.0,11.0,12.0,4.0,6.0,7.0,12.0,0.0,0.0,5.0,16.0,13.0,14.0,7.0,2.0,12.0,7.0,10.0,4.0,14.0,15.0,10.0,13.0,6.0,9.0,3.0,5.0,10.0,6.0,14.0,10.0,4.0,10.0,4.0,15.0,11.0,1.0,13.0,4.0,11.0,11.0,13.0
13.0,6.0,11.0,6.0,13.0,13.0,3.0,10.0,11.0,7.0,14.0,8.0,12.0,3.0,14.0,6.0,12.0,8.0,4.0,6.0,1.0,8.0,14.0,12.0,1.0,15.0,2.0,13.0,15.0,6.0,9.0,3.0,8.0,10.0,7.0,13.0,14.0,12.0,15.0,15.0,15.0,7.0,14.0,7.0,14.0,7.0,6.0,10.0,8.0,8.0,5.0,4.0,9.0,6.0,7.0,11.0,5.0,13.0,6.0,9.0,9.0,12.0,5.0,15.0,8.0,10.0,9.0,8.0,13.0,9.0,3.0,6.0,9.0,7.0,10.0,34.0,29.0,43.0,23.0,11.0,21.0,79.0,156.0,81.0,142.0,129.0,91.0,135.0,123.0,106.0,93.0,130.0,107.0,72.0,138.0,138.0,66.0,128.0,135.0,70.0,143.0,130.0,83.0,127.0,146.0,91.0,132.0,134.0,85.0,139.0,136.0,85.0,132.0,126.0,86.0,128.0,133.0,95.0,124.0,124.0,108.0,118.0,122.0,115.0,111.0,112.0,70.0,77.0,99.0,54.0,75.0,86.0,50.0,80.0,74.0,41.0,72.0,59.0,53.0,52.0,12.0,63.0,67.0,10.0,54.0,49.0,45.0,63.0,24.0,66.0,91.0,56.0,67.0,42.0,77.0,94.0,49.0,89.0,37.0,87.0,84.0,35.0,81.0,26.0,68.0,48.0,61.0,74.0,29.0,46.0,23.0,48.0,33.0,33.0,26.0,11.0,17.0,13.0,12.0,10.0,11.0,11.0,6.0,3.0,6.0,13.0,4.0,11.0,8.0,6.0,12.0,13.0,3.0,15.0,10.0,12.0,12.0,6.0,5.0,14.0
0.0,15.0,8.0,4.0,7.0,4.0,10.0,13.0,8.0,4.0,14.0,15.0,2.0,13.0,5.0,15.0,7.0,11.0,13.0,13.0,9.0,7.0,6.0,0.0,9.0,5.0,5.0,5.0,5.0,11.0,14.0,16.0,10.0,1.0,7.0,12.0,0.0,15.0,13.0,0.0,1.0,0.0,15.0,11.0,15.0,10.0,2.0,9.0,1.0,37.0,42.0,23.0,12.0,16.0,34.0,102.0,130.0,131.0,91.0,129.0,135.0,89.0,131.0,130.0,59.0,103.0,102.0,66.0,111.0,125.0,67.0,112.0,121.0,71.0,109.0,113.0,69.0,100.0,106.0,63.0,100.0,99.0,70.0,100.0,102.0,71.0,104.0,103.0,80.0,110.0,104.0,83.0,117.0,120.0,97.0,124.0,117.0,70.0,72.0,92.0,66.0,91.0,80.0,50.0,80.0,75.0,50.0,74.0,51.0,68.0,80.0,41.0,67.0,63.0,27.0,51.0,47.0,44.0,60.0,22.0,55.0,54.0,21.0,53.0,26.0,60.0,74.0,37.0,61.0,39.0,61.0,85.0,36.0,75.0,36.0,79.0,62.0,45.0,64.0,22.0,60.0,20.0,57.0,42.0,35.0,36.0,13.0,26.0,21.0,26.0,15.0,14.0,14.0,2.0,2.0,9.0,10.0,5.0,15.0,14.0,4.0,14.0,4.0,13.0,14.0,12.0,10.0,4.0,3.0,6.0,13.0,9.0,11.0,3.0,15.0,13.0,2.0,10.0,1.0,4.0,6.0,3.0,3.0,4.0,5.0,13.0,9.0,8.0,0.0,0.0,6.0,12.0,2.0,13.0,14.0,4.0,14.0,3.0,9.0,5.0
13.0,13.0,0.0,1.0,14.0,10.0,15.0,15.0,13.0,8.0,10.0,10.0,12.0,11.0,14.0,2.0,10.0,0.0,4.0,12.0,13.0,9.0,11.0,13.0,4.0,11.0,4.0,13.0,0.0,2.0,1.0,13.0,33.0,23.0,28.0,16.0,17.0,61.0,42.0,98.0,86.0,69.0,99.0,68.0,78.0,99.0,65.0,95.0,95.0,59.0,85.0,95.0,69.0,76.0,95.0,71.0,71.0,92.0,77.0,80.0,102.0,89.0,73.0,95.0,82.0,72.0,91.0,71.0,79.0,78.0,77.0,77.0,74.0,82.0,94.0,82.0,85.0,101.0,95.0,80.0,97.0,97.0,83.0,103.0,92.0,65.0,76.0,89.0,49.0,75.0,79.0,37.0,69.0,75.0,38.0,64.0,50.0,46.0,65.0,29.0,43.0,47.0,40.0,45.0,14.0,60.0,52.0,38.0,64.0,29.0,55.0,65.0,34.0,60.0,27.0,63.0,55.0,47.0,75.0,26.0,66.0,28.0,68.0,58.0,43.0,62.0,33.0,56.0,30.0,48.0,40.0,20.0,25.0,12.0,13.0,17.0,12.0,10.0,8.0,7.0,13.0,14.0,12.0,11.0,15.0,15.0,12.0,10.0,13.0,12.0,9.0,2.0,3.0,3.0,9.0,4.0,7.0,13.0,8.0,10.0,4.0,8.0,9.0,2.0,6.0,2.0,7.0,8.0,5.0,5.0,4.0,0.0,15.0,14.0,11.0,13.0,3.0,14.0,8.0,2.0,11.0,13.0,4.0,8.0,15.0,7.0,10.0,9.0,2.0,4.0,10.0,13.0,13.0,7.0,14.0,5.0,2.0,10.0,6.0,8.0
11.0,5.0,8.0,2.0,14.0,9.0,12.0,13.0,2.0,0.0,7.0,10.0,4.0,9.0,0.0,14.0,15.0,2.0,0.0,5.0,14.0,15.0,13.0,14.0,4.0,6.0,5.0,15.0,3.0,4.0,5.0,13.0,6.0,9.0,5.0,1.0,3.0,2.0,26.0,25.0,18.0,16.0,62.0,109.0,112.0,90.0,110.0,120.0,58.0,129.0,131.0,56.0,112.0,102.0,65.0,89.0,108.0,68.0,102.0,116.0,64.0,106.0,109.0,65.0,109.0,118.0,80.0,96.0,115.0,99.0,89.0,120.0,103.0,69.0,105.0,93.0,78.0,93.0,93.0,70.0,82.0,86.0,84.0,78.0,88.0,87.0,84.0,74.0,95.0,96.0,66.0,92.0,101.0,62.0,76.0,87.0,35.0,81.0,77.0,42.0,55.0,56.0,26.0,63.0,33.0,57.0,67.0,22.0,56.0,63.0,37.0,60.0,32.0,60.0,83.0,43.0,68.0,32.0,80.0,81.0,46.0,90.0,31.0,83.0,34.0,75.0,61.0,46.0,83.0,30.0,58.0,27.0,44.0,33.0,43.0,46.0,19.0,36.0,13.0,24.0,10.0,21.0,18.0,14.0,14.0,4.0,15.0,7.0,9.0,6.0,9.0,10.0,5.0,7.0,6.0,1.0,10.0,1.0,6.0,6.0,12.0,11.0,3.0,12.0,9.0,13.0,14.0,7.0,7.0,2.0,8.0,10.0,4.0,15.0,13.0,10.0,13.0,1.0,2.0,6.0,12.0,0.0,1.0,15.0,2.0,12.0,8.0,0.0,14.0,2.0,6.0,2.0,11.0,14.0,3.0,15.0,10.0,14.0,14.0,7.0
5.0,7.0,7.0,3.0,7.0,12.0,6.0,7.0,12.0,13.0,1.0,15.0,5.0,7.0,0.0,15.0,0.0,15.0,11.0,13.0,11.0,9.0,13.0,2.0,1.0,11.0,11.0,13.0,7.0,10.0,9.0,6.0,15.0,0.0,15.0,10.0,12.0,24.0,26.0,16.0,10.0,9.0,39.0,89.0,63.0,102.0,120.0,47.0,113.0,101.0,61.0,114.0,109.0,81.0,120.0,102.0,89.0,122.0,78.0,114.0,121.0,72.0,127.0,126.0,67.0,112.0,112.0,68.0,105.0,110.0,79.0,102.0,109.0,74.0,107.0,109.0,84.0,99.0,107.0,86.0,101.0,102.0,87.0,105.0,91.0,88.0,99.0,98.0,78.0,94.0,98.0,98.0,92.0,74.0,84.0,86.0,45.0,80.0,90.0,34.0,76.0,76.0,30.0,63.0,51.0,38.0,52.0,20.0,52.0,37.0,52.0,52.0,17.0,66.0,49.0,40.0,65.0,26.0,60.0,58.0,49.0,75.0,19.0,70.0,23.0,63.0,29.0,58.0,66.0,24.0,60.0,26.0,47.0,30.0,52.0,53.0,20.0,30.0,27.0,39.0,25.0,28.0,15.0,10.0,14.0,15.0,14.0,10.0,8.0,13.0,7.0,7.0,8.0,15.0,12.0,5.0,4.0,1.0,5.0,2.0,3.0,7.0,14.0,2.0,2.0,3.0,6.0,13.0,5.0,14.0,6.0,16.0,6.0,3.0,7.0,8.0,5.0,13.0,4.0,5.0,2.0,3.0,4.0,2.0,6.0,7.0,12.0,3.0,8.0,4.0,4.0,3.0,5.0,5.0,10.0,2.0,12.0,3.0,8.0,2.0
3.0,10.0,6.0,15.0,14.0,3.0,2.0,13.0,15.0,3.0,13.0,15.0,11.0,11.0,15.0,5.0,0.0,9.0,0.0,7.0,0.0,10.0,9.0,9.0,14.0,5.0,10.0,13.0,7.0,1.0,14.0,0.0,14.0,6.0,4.0,15.0,5.0,8.0,32.0,24.0,35.0,16.0,16.0,35.0,54.0,119.0,129.0,88.0,132.0,117.0,100.0,133.0,131.0,77.0,137.0,102.0,80.0,135.0,106.0,106.0,115.0,97.0,113.0,110.0,75.0,108.0,108.0,66.0,103.0,107.0,65.0,108.0,116.0,76.0,115.0,111.0,80.0,113.0,106.0,102.0,125.0,96.0,93.0,116.0,114.0,111.0,112.0,82.0,121.0,119.0,80.0,118.0,122.0,88.0,119.0,101.0,82.0,102.0,81.0,70.0,79.0,57.0,69.0,77.0,50.0,66.0,65.0,37.0,35.0,33.0,51.0,51.0,16.0,52.0,40.0,58.0,55.0,22.0,60.0,53.0,44.0,62.0,37.0,66.0,63.0,38.0,85.0,23.0,72.0,25.0,70.0,52.0,53.0,75.0,38.0,58.0,31.0,50.0,42.0,45.0,52.0,24.0,37.0,14.0,43.0,33.0,29.0,16.0,6.0,7.0,6.0,13.0,12.0,6.0,14.0,2.0,8.0,15.0,7.0,6.0,7.0,15.0,2.0,10.0,14.0,8.0,14.0,11.0,14.0,8.0,10.0,11.0,11.0,7.0,3.0,9.0,2.0,7.0,7.0,15.0,1.0,12.0,11.0,11.0,15.0,9.0,11.0,1.0,15.0,8.0,10.0,13.0,15.0,1.0,9.0,13.0,9.0,8.0,5.0,10.0
11.0,11.0,11.0,15.0,2.0,10.0,14.0,11.0,5.0,10.0,9.0,0.0,15.0,0.0,1.0,2.0,0.0,6.0,8.0,7.0,10.0,12.0,11.0,15.0,2.0,1.0,9.0,9.0,11.0,8.0,13.0,5.0,11.0,15.0,14.0,10.0,3.0,15.0,8.0,13.0,0.0,1.0,17.0,7.0,5.0,12.0,35.0,22.0,20.0,19.0,13.0,7.0,32.0,84.0,53.0,119.0,102.0,51.0,104.0,97.0,60.0,94.0,101.0,57.0,111.0,92.0,70.0,106.0,81.0,92.0,103.0,71.0,107.0,114.0,72.0,121.0,122.0,74.0,119.0,108.0,76.0,105.0,104.0,71.0,101.0,102.0,77.0,101.0,104.0,79.0,96.0,111.0,89.0,94.0,104.0,95.0,100.0,111.0,99.0,100.0,121.0,108.0,121.0,116.0,124.0,128.0,105.0,101.0,106.0,93.0,87.0,93.0,62.0,88.0,90.0,37.0,62.0,52.0,21.0,42.0,44.0,50.0,52.0,30.0,46.0,52.0,22.0,59.0,57.0,58.0,69.0,39.0,82.0,44.0,72.0,83.0,40.0,82.0,34.0,75.0,47.0,60.0,67.0,28.0,58.0,29.0,47.0,29.0,36.0,43.0,24.0,29.0,18.0,30.0,20.0,18.0,15.0,5.0,19.0,4.0,12.0,9.0,6.0,10.0,3.0,12.0,12.0,1.0,13.0,14.0,7.0,1.0,9.0,12.0,12.0,3.0,2.0,12.0,5.0,12.0,14.0,2.0,8.0,15.0,7.0,7.0,11.0,13.0,10.0,11.0,5.0,6.0,6.0,2.0,14.0,0.0,9.0,4.0,6.0,9.0
9.0,8.0,14.0,6.0,15.0,9.0,9.0,2.0,5.0,12.0,11.0,11.0,0.0,2.0,8.0,11.0,2.0,11.0,2.0,12.0,9.0,14.0,11.0,0.0,4.0,12.0,10.0,15.0,5.0,13.0,6.0,14.0,5.0,12.0,13.0,8.0,4.0,9.0,14.0,0.0,6.0,14.0,15.0,6.0,13.0,10.0,3.0,4.0,13.0,6.0,14.0,37.0,50.0,19.0,14.0,43.0,98.0,101.0,131.0,95.0,126.0,104.0,58.0,128.0,119.0,83.0,111.0,120.0,61.0,127.0,100.0,92.0,113.0,79.0,140.0,119.0,85.0,145.0,127.0,78.0,140.0,116.0,83.0,119.0,102.0,93.0,114.0,113.0,94.0,121.0,107.0,104.0,116.0,100.0,111.0,120.0,104.0,106.0,130.0,111.0,99.0,111.0,105.0,109.0,89.0,71.0,81.0,84.0,47.0,75.0,78.0,28.0,50.0,50.0,28.0,42.0,22.0,60.0,48.0,40.0,54.0,17.0,65.0,49.0,38.0,73.0,33.0,63.0,37.0,63.0,73.0,23.0,79.0,30.0,53.0,33.0,62.0,41.0,47.0,61.0,23.0,39.0,23.0,45.0,43.0,28.0,27.0,15.0,28.0,19.0,15.0,15.0,15.0,4.0,7.0,6.0,2.0,5.0,10.0,10.0,8.0,10.0,9.0,3.0,6.0,4.0,1.0,9.0,5.0,3.0,15.0,0.0,6.0,5.0,14.0,14.0,11.0,3.0,9.0,14.0,14.0,11.0,15.0,12.0,6.0,15.0,0.0,1.0,4.0,11.0,11.0,4.0,4.0,5.0,14.0,4.0,0.0,1.0,0.0,6.0
6.0,1.0,14.0,13.0,4.0,14.0,12.0,5.0,2.0,1.0,13.0,9.0,4.0,6.0,3.0,12.0,5.0,13.0,15.0,11.0,12.0,15.0,13.0,9.0,9.0,13.0,6.0,14.0,5.0,5.0,7.0,6.0,12.0,14.0,12.0,2.0,2.0,7.0,15.0,15.0,16.0,25.0,13.0,10.0,16.0,44.0,70.0,73.0,60.0,81.0,39.0,97.0,83.0,49.0,91.0,92.0,36.0,70.0,90.0,43.0,72.0,83.0,41.0,82.0,73.0,37.0,77.0,76.0,48.0,79.0,82.0,51.0,85.0,84.0,59.0,80.0,84.0,64.0,81.0,86.0,84.0,94.0,87.0,98.0,113.0,99.0,94.0,109.0,97.0,102.0,106.0,82.0,119.0,119.0,83.0,111.0,94.0,71.0,99.0,72.0,57.0,63.0,51.0,45.0,71.0,37.0,47.0,61.0,33.0,34.0,21.0,61.0,64.0,22.0,50.0,22.0,56.0,50.0,23.0,71.0,39.0,52.0,66.0,16.0,62.0,24.0,66.0,27.0,59.0,64.0,30.0,62.0,23.0,53.0,38.0,51.0,52.0,12.0,37.0,35.0,33.0,23.0,14.0,8.0,12.0,9.0,9.0,14.0,14.0,7.0,5.0,15.0,7.0,6.0,6.0,14.0,9.0,8.0,8.0,10.0,1.0,2.0,13.0,7.0,15.0,10.0,9.0,13.0,8.0,0.0,15.0,7.0,1.0,4.0,4.0,5.0,14.0,4.0,6.0,11.0,8.0,10.0,7.0,13.0,10.0,2.0,8.0,15.0,9.0,12.0,13.0,10.0,5.0,10.0,2.0,2.0,12.0,7.0,4.0,1.0
10.0,15.0,12.0,11.0,9.0,9.0,4.0,9.0,3.0,5.0,9.0,3.0,15.0,10.0,13.0,10.0,2.0,14.0,10.0,0.0,1.0,10.0,15.0,3.0,6.0,10.0,0.0,2.0,14.0,0.0,4.0,5.0,8.0,13.0,10.0,11.0,0.0,12.0,3.0,3.0,4.0,13.0,1.0,3.0,12.0,14.0,6.0,11.0,15.0,6.0,28.0,35.0,14.0,8.0,12.0,46.0,85.0,75.0,108.0,87.0,115.0,141.0,83.0,152.0,104.0,94.0,132.0,73.0,127.0,123.0,69.0,122.0,137.0,65.0,140.0,114.0,87.0,124.0,115.0,101.0,131.0,100.0,80.0,100.0,96.0,74.0,99.0,96.0,74.0,106.0,96.0,89.0,99.0,98.0,104.0,125.0,113.0,117.0,136.0,117.0,130.0,129.0,89.0,134.0,124.0,86.0,95.0,85.0,33.0,58.0,65.0,42.0,69.0,48.0,53.0,54.0,29.0,47.0,13.0,66.0,60.0,23.0,57.0,23.0,61.0,56.0,26.0,71.0,38.0,48.0,68.0,26.0,60.0,26.0,67.0,26.0,69.0,64.0,35.0,57.0,26.0,44.0,24.0,32.0,29.0,40.0,45.0,17.0,25.0,20.0,26.0,19.0,20.0,19.0,8.0,11.0,5.0,12.0,9.0,12.0,11.0,9.0,12.0,12.0,6.0,7.0,3.0,13.0,8.0,2.0,13.0,3.0,5.0,8.0,15.0,14.0,10.0,14.0,12.0,7.0,2.0,13.0,7.0,13.0,1.0,9.0,11.0,7.0,9.0,4.0,9.0,13.0,12.0,10.0,6.0,11.0,2.0,0.0,2.0,13.0
3.0,6.0,13.0,15.0,10.0,1.0,10.0,15.0,11.0,11.0,11.0,13.0,14.0,0.0,12.0,10.0,14.0,9.0,13.0,13.0,11.0,9.0,2.0,13.0,4.0,5.0,11.0,5.0,13.0,14.0,13.0,13.0,15.0,12.0,4.0,10.0,0.0,4.0,10.0,8.0,10.0,11.0,12.0,9.0,0.0,9.0,21.0,25.0,18.0,12.0,16.0,44.0,71.0,174.0,109.0,77.0,136.0,101.0,78.0,94.0,104.0,96.0,114.0,108.0,85.0,99.0,90.0,72.0,101.0,96.0,67.0,107.0,93.0,68.0,105.0,85.0,74.0,109.0,87.0,81.0,112.0,92.0,91.0,103.0,85.0,82.0,104.0,87.0,96.0,104.0,96.0,107.0,115.0,116.0,124.0,126.0,104.0,149.0,140.0,99.0,127.0,105.0,69.0,100.0,74.0,63.0,64.0,53.0,65.0,74.0,38.0,55.0,8.0,73.0,78.0,29.0,57.0,29.0,68.0,64.0,34.0,62.0,25.0,70.0,29.0,73.0,81.0,36.0,69.0,42.0,40.0,27.0,34.0,21.0,42.0,35.0,45.0,54.0,17.0,42.0,18.0,36.0,13.0,33.0,41.0,37.0,25.0,14.0,20.0,13.0,20.0,19.0,11.0,8.0,12.0,10.0,2.0,12.0,8.0,4.0,13.0,4.0,9.0,3.0,3.0,15.0,5.0,5.0,13.0,0.0,8.0,13.0,15.0,13.0,10.0,14.0,8.0,10.0,5.0,11.0,8.0,4.0,10.0,0.0,15.0,1.0,11.0,15.0,12.0,7.0,13.0,4.0,15.0,5.0,2.0,8.0,8.0,2.0,8.0,8.0
8.0,13.0,4.0,6.0,5.0,13.0,6.0,6.0,3.0,8.0,13.0,12.0,0.0,4.0,12.0,12.0,8.0,12.0,5.0,4.0,10.0,15.0,1.0,13.0,1.0,11.0,14.0,7.0,8.0,9.0,7.0,14.0,14.0,13.0,9.0,13.0,1.0,15.0,5.0,8.0,15.0,14.0,15.0,15.0,8.0,10.0,3.0,12.0,9.0,13.0,14.0,7.0,13.0,5.0,21.0,30.0,15.0,15.0,10.0,37.0,83.0,77.0,119.0,123.0,83.0,108.0,107.0,84.0,122.0,114.0,84.0,110.0,101.0,84.0,98.0,90.0,78.0,95.0,87.0,72.0,95.0,86.0,66.0,96.0,86.0,82.0,94.0,87.0,93.0,98.0,101.0,115.0,106.0,102.0,127.0,132.0,101.0,151.0,143.0,112.0,130.0,139.0,131.0,145.0,143.0,119.0,145.0,128.0,124.0,142.0,109.0,95.0,103.0,83.0,87.0,81.0,42.0,73.0,76.0,28.0,52.0,67.0,37.0,44.0,29.0,59.0,58.0,21.0,49.0,22.0,64.0,59.0,13.0,54.0,32.0,58.0,78.0,37.0,70.0,31.0,67.0,63.0,46.0,66.0,29.0,56.0,26.0,54.0,30.0,44.0,56.0,28.0,45.0,16.0,39.0,32.0,36.0,27.0,11.0,16.0,15.0,10.0,7.0,9.0,9.0,14.0,9.0,14.0,13.0,3.0,15.0,15.0,15.0,8.0,0.0,14.0,5.0,3.0,10.0,14.0,12.0,5.0,9.0,13.0,2.0,12.0,4.0,8.0,4.0,10.0,1.0,10.0,0.0,3.0,4.0,7.0,0.0,12.0,10.0,14.0
8.0,10.0,11.0,13.0,10.0,7.0,11.0,2.0,3.0,4.0,4.0,10.0,12.0,0.0,15.0,7.0,2.0,0.0,0.0,0.0,10.0,8.0,14.0,5.0,15.0,6.0,13.0,11.0,5.0,6.0,5.0,8.0,14.0,3.0,10.0,14.0,2.0,8.0,10.0,10.0,7.0,9.0,6.0,15.0,14.0,13.0,32.0,67.0,21.0,12.0,7.0,18.0,77.0,110.0,156.0,82.0,150.0,135.0,53.0,122.0,114.0,79.0,115.0,148.0,78.0,130.0,126.0,77.0,126.0,115.0,82.0,102.0,94.0,81.0,110.0,110.0,65.0,107.0,91.0,69.0,98.0,91.0,77.0,107.0,79.0,75.0,90.0,81.0,90.0,103.0,95.0,82.0,106.0,97.0,106.0,108.0,100.0,147.0,142.0,103.0,146.0,143.0,109.0,137.0,136.0,113.0,134.0,120.0,99.0,90.0,92.0,68.0,87.0,82.0,52.0,38.0,21.0,62.0,57.0,35.0,49.0,39.0,50.0,59.0,15.0,56.0,50.0,46.0,91.0,58.0,59.0,85.0,52.0,74.0,35.0,63.0,48.0,73.0,67.0,33.0,68.0,28.0,56.0,28.0,53.0,54.0,30.0,48.0,17.0,40.0,25.0,34.0,18.0,14.0,18.0,9.0,12.0,8.0,11.0,6.0,9.0,6.0,6.0,12.0,7.0,5.0,3.0,6.0,14.0,10.0,4.0,14.0,6.0,6.0,14.0,14.0,1.0,4.0,6.0,10.0,6.0,7.0,7.0,10.0,8.0,10.0,1.0,14.0,0.0,0.0,0.0,5.0,10.0,2.0,10.0,0.0,13.0,9.0,11.0,10.0
10.0,1.0,15.0,2.0,1.0,0.0,8.0,13.0,13.0,1.0,4.0,1.0,12.0,3.0,4.0,7.0,0.0,8.0,6.0,3.0,7.0,8.0,0.0,12.0,3.0,15.0,7.0,1.0,6.0,6.0,4.0,10.0,14.0,15.0,4.0,10.0,10.0,13.0,15.0,12.0,12.0,7.0,15.0,8.0,13.0,10.0,10.0,16.0,43.0,23.0,16.0,15.0,9.0,25.0,55.0,126.0,90.0,109.0,68.0,104.0,109.0,74.0,112.0,107.0,55.0,100.0,103.0,62.0,104.0,94.0,63.0,107.0,108.0,78.0,118.0,99.0,77.0,100.0,94.0,81.0,111.0,86.0,89.0,111.0,88.0,90.0,121.0,97.0,115.0,121.0,117.0,110.0,117.0,119.0,129.0,120.0,113.0,136.0,135.0,109.0,134.0,133.0,105.0,125.0,127.0,96.0,103.0,103.0,52.0,89.0,80.0,45.0,71.0,78.0,43.0,63.0,53.0,41.0,46.0,15.0,58.0,62.0,13.0,49.0,46.0,32.0,52.0,31.0,57.0,86.0,44.0,51.0,62.0,43.0,61.0,34.0,56.0,61.0,46.0,70.0,26.0,66.0,36.0,63.0,65.0,18.0,55.0,26.0,48.0,36.0,41.0,29.0,15.0,26.0,21.0,18.0,12.0,4.0,6.0,15.0,12.0,2.0,7.0,4.0,9.0,13.0,15.0,4.0,12.0,10.0,6.0,13.0,13.0,6.0,12.0,13.0,13.0,5.0,13.0,8.0,2.0,2.0,1.0,4.0,7.0,0.0,10.0,13.0,15.0,3.0,15.0,5.0,3.0,2.0,7.0,4.0,6.0,8.0,12.0,11.0
3.0,15.0,6.0,13.0,7.0,13.0,6.0,15.0,12.0,10.0,10.0,10.0,15.0,0.0,8.0,7.0,11.0,11.0,12.0,6.0,4.0,1.0,7.0,7.0,5.0,0.0,15.0,3.0,12.0,4.0,14.0,7.0,6.0,14.0,7.0,8.0,13.0,14.0,8.0,0.0,10.0,5.0,11.0,9.0,14.0,13.0,5.0,2.0,15.0,14.0,31.0,20.0,13.0,11.0,32.0,108.0,82.0,121.0,98.0,102.0,113.0,81.0,121.0,126.0,75.0,114.0,124.0,65.0,113.0,108.0,79.0,104.0,103.0,66.0,101.0,104.0,61.0,95.0,94.0,75.0,96.0,85.0,84.0,107.0,85.0,70.0,97.0,73.0,109.0,109.0,70.0,118.0,118.0,70.0,121.0,98.0,88.0,123.0,104.0,91.0,110.0,80.0,117.0,107.0,73.0,116.0,89.0,87.0,92.0,66.0,54.0,69.0,48.0,51.0,69.0,34.0,42.0,35.0,50.0,60.0,12.0,62.0,49.0,50.0,59.0,33.0,64.0,73.0,50.0,58.0,34.0,62.0,81.0,33.0,62.0,24.0,69.0,30.0,59.0,64.0,33.0,49.0,19.0,53.0,29.0,38.0,44.0,26.0,24.0,9.0,23.0,18.0,23.0,13.0,12.0,13.0,15.0,6.0,6.0,14.0,14.0,10.0,15.0,1.0,3.0,8.0,9.0,14.0,5.0,8.0,9.0,4.0,3.0,1.0,3.0,9.0,4.0,2.0,12.0,15.0,8.0,7.0,13.0,5.0,5.0,5.0,7.0,3.0,9.0,14.0,6.0,6.0,3.0,8.0,11.0,7.0,10.0,13.0,7.0,7.0
3.0,3.0,8.0,15.0,15.0,3.0,14.0,15.0,9.0,2.0,15.0,11.0,5.0,8.0,9.0,11.0,13.0,15.0,3.0,1.0,12.0,3.0,12.0,14.0,3.0,6.0,7.0,1.0,4.0,9.0,2.0,14.0,9.0,12.0,10.0,11.0,13.0,8.0,14.0,6.0,10.0,8.0,12.0,15.0,26.0,35.0,13.0,6.0,14.0,9.0,13.0,32.0,70.0,86.0,38.0,73.0,83.0,28.0,68.0,89.0,38.0,77.0,80.0,52.0,74.0,76.0,61.0,75.0,56.0,71.0,75.0,54.0,80.0,76.0,51.0,86.0,74.0,43.0,75.0,77.0,45.0,74.0,73.0,47.0,83.0,69.0,47.0,76.0,71.0,58.0,69.0,48.0,78.0,84.0,50.0,87.0,81.0,47.0,66.0,63.0,45.0,65.0,60.0,58.0,59.0,31.0,58.0,63.0,22.0,44.0,54.0,45.0,52.0,25.0,45.0,36.0,49.0,56.0,19.0,55.0,36.0,54.0,55.0,13.0,57.0,32.0,58.0,65.0,23.0,59.0,29.0,61.0,20.0,58.0,53.0,38.0,52.0,27.0,44.0,16.0,34.0,32.0,45.0,43.0,15.0,29.0,13.0,22.0,19.0,10.0,16.0,13.0,6.0,4.0,5.0,3.0,7.0,15.0,12.0,10.0,6.0,5.0,6.0,12.0,6.0,3.0,14.0,9.0,15.0,10.0,13.0,11.0,3.0,10.0,15.0,9.0,0.0,0.0,14.0,6.0,7.0,5.0,12.0,5.0,4.0,9.0,14.0,15.0,6.0,3.0,0.0,0.0,9.0,0.0,0.0,3.0,7.0,1.0,0.0,0.0
13.0,10.0,1.0,7.0,3.0,3.0,15.0,13.0,13.0,0.0,14.0,15.0,0.0,2.0,3.0,13.0,10.0,6.0,0.0,9.0,8.0,0.0,4.0,3.0,6.0,8.0,19.0,7.0,10.0,23.0,13.0,18.0,23.0,48.0,120.0,111.0,82.0,134.0,73.0,117.0,86.0,53.0,97.0,103.0,67.0,90.0,111.0,71.0,104.0,98.0,77.0,95.0,95.0,71.0,89.0,64.0,62.0,81.0,71.0,61.0,90.0,77.0,58.0,79.0,76.0,54.0,73.0,77.0,76.0,86.0,79.0,81.0,79.0,83.0,88.0,76.0,82.0,100.0,84.0,79.0,100.0,93.0,71.0,97.0,97.0,73.0,96.0,99.0,63.0,66.0,72.0,37.0,70.0,67.0,33.0,57.0,50.0,38.0,59.0,29.0,46.0,53.0,14.0,38.0,39.0,49.0,44.0,21.0,49.0,51.0,39.0,53.0,31.0,58.0,58.0,38.0,64.0,28.0,62.0,42.0,55.0,62.0,23.0,58.0,23.0,58.0,33.0,56.0,62.0,26.0,41.0,15.0,31.0,29.0,30.0,19.0,17.0,14.0,10.0,6.0,16.0,7.0,8.0,4.0,9.0,7.0,12.0,3.0,12.0,14.0,13.0,13.0,10.0,3.0,4.0,2.0,8.0,6.0,5.0,15.0,0.0,14.0,10.0,8.0,7.0,14.0,6.0,8.0,6.0,9.0,9.0,11.0,14.0,7.0,14.0,3.0,2.0,1.0,14.0,5.0,3.0,0.0,4.0,11.0,15.0,4.0,2.0,8.0,7.0,13.0,12.0,6.0,11.0,5.0,15.0,9.0,10.0,10.0,9.0,12.0
6.0,5.0,8.0,2.0,5.0,15.0,3.0,6.0,11.0,3.0,0.0,3.0,12.0,12.0,7.0,4.0,11.0,17.0,9.0,5.0,8.0,11.0,2.0,12.0,15.0,10.0,8.0,9.0,14.0,12.0,11.0,9.0,4.0,14.0,11.0,7.0,14.0,9.0,10.0,2.0,8.0,15.0,11.0,15.0,15.0,0.0,11.0,7.0,14.0,14.0,9.0,6.0,6.0,6.0,3.0,0.0,17.0,21.0,40.0,18.0,13.0,9.0,15.0,75.0,68.0,108.0,48.0,98.0,99.0,64.0,94.0,81.0,63.0,89.0,74.0,97.0,97.0,44.0,109.0,108.0,67.0,100.0,95.0,48.0,103.0,101.0,96.0,129.0,98.0,105.0,124.0,90.0,100.0,115.0,91.0,123.0,122.0,83.0,116.0,112.0,73.0,104.0,75.0,67.0,87.0,71.0,89.0,78.0,60.0,94.0,86.0,64.0,74.0,64.0,29.0,62.0,72.0,37.0,70.0,52.0,48.0,76.0,37.0,55.0,67.0,32.0,54.0,27.0,76.0,69.0,19.0,64.0,28.0,70.0,63.0,21.0,60.0,24.0,78.0,89.0,34.0,72.0,21.0,86.0,28.0,74.0,51.0,42.0,31.0,55.0,45.0,38.0,55.0,26.0,35.0,18.0,18.0,23.0,25.0,13.0,16.0,19.0,9.0,9.0,9.0,11.0,11.0,4.0,8.0,12.0,12.0,5.0,7.0,11.0,11.0,12.0,6.0,6.0,15.0,2.0,5.0,1.0,4.0,8.0,3.0,11.0,8.0,13.0,4.0,7.0,13.0,15.0,13.0,6.0,3.0,10.0,2.0,10.0,13.0,14.0
