12.0,6.0,7.0,0.0,10.0,11.0,0.0,8.0,2.0,6.0,12.0,12.0,6.0,2.0,14.0,0.0,0.0,10.0,14.0,5.0,6.0,12.0,13.0,6.0,14.0,9.0,11.0,8.0,6.0,7.0,9.0,6.0,3.0,11.0,8.0,15.0,8.0,8.0,11.0,6.0,10.0,2.0,13.0,6.0,5.0,15.0,7.0,10.0,8.0,9.0,11.0,2.0,7.0,13.0,13.0,11.0,15.0,3.0,11.0,11.0,12.0,1.0,10.0,8.0,5.0,5.0,13.0,15.0,4.0,8.0,11.0,6.0,2.0,1.0,1.0,13.0,14.0,12.0,14.0,5.0,12.0,9.0,6.0,12.0,12.0,13.0,5.0,7.0,3.0,9.0,13.0,10.0,7.0,3.0,12.0,13.0,13.0,21.0,14.0,10.0,10.0,38.0,92.0,146.0,156.0,174.0,202.0,78.0,203.0,126.0,219.0,220.0,132.0,108.0,191.0,124.0,145.0,137.0,86.0,113.0,111.0,111.0,140.0,118.0,96.0,170.0,146.0,173.0,119.0,82.0,123.0,151.0,152.0,63.0,100.0,97.0,77.0,126.0,76.0,83.0,61.0,35.0,43.0,61.0,57.0,68.0,61.0,53.0,73.0,17.0,60.0,55.0,48.0,56.0,103.0,107.0,132.0,139.0,151.0,100.0,142.0,139.0,79.0,107.0,93.0,87.0,111.0,101.0,98.0,60.0,24.0,27.0,57.0,41.0,70.0,69.0,65.0,89.0,57.0,51.0,70.0,43.0,39.0,58.0,37.0,31.0,44.0,36.0,51.0,52.0,37.0,48.0,48.0,35.0,38.0,35.0,40.0,19.0,17.0,15.0
6.0,5.0,14.0,6.0,3.0,2.0,13.0,15.0,14.0,6.0,7.0,9.0,4.0,14.0,17.0,12.0,6.0,0.0,7.0,15.0,8.0,10.0,7.0,0.0,15.0,14.0,5.0,9.0,2.0,3.0,9.0,7.0,9.0,1.0,8.0,6.0,9.0,13.0,11.0,7.0,2.0,6.0,14.0,3.0,5.0,5.0,11.0,1.0,2.0,15.0,8.0,12.0,6.0,18.0,10.0,23.0,17.0,26.0,17.0,12.0,21.0,31.0,45.0,62.0,72.0,55.0,102.0,70.0,150.0,165.0,177.0,192.0,123.0,137.0,158.0,148.0,179.0,83.0,159.0,169.0,154.0,169.0,88.0,183.0,151.0,150.0,63.0,147.0,134.0,190.0,147.0,110.0,137.0,147.0,166.0,89.0,143.0,128.0,95.0,128.0,109.0,43.0,82.0,54.0,62.0,48.0,65.0,29.0,39.0,36.0,45.0,48.0,23.0,48.0,24.0,55.0,44.0,25.0,53.0,81.0,58.0,113.0,147.0,141.0,150.0,127.0,128.0,122.0,128.0,120.0,88.0,103.0,102.0,106.0,112.0,119.0,107.0,96.0,74.0,40.0,58.0,53.0,66.0,89.0,75.0,73.0,72.0,63.0,55.0,62.0,60.0,56.0,64.0,54.0,54.0,49.0,36.0,49.0,33.0,39.0,44.0,19.0,32.0,33.0,16.0,29.0,20.0,14.0,26.0,20.0,15.0,8.0,9.0,6.0,14.0,12.0,9.0,13.0,11.0,5.0,6.0,8.0,7.0,13.0,13.0,2.0,15.0,15.0,13.0,9.0,11.0,5.0,3.0,6.0,1.0,14.0,9.0,7.0,14.0,8.0
7.0,13.0,0.0,1.0,8.0,13.0,3.0,10.0,13.0,12.0,9.0,5.0,4.0,0.0,15.0,4.0,6.0,10.0,13.0,2.0,6.0,6.0,13.0,5.0,8.0,12.0,10.0,0.0,2.0,10.0,15.0,15.0,11.0,7.0,9.0,13.0,4.0,3.0,11.0,5.0,14.0,12.0,14.0,6.0,10.0,12.0,14.0,2.0,18.0,16.0,12.0,14.0,17.0,16.0,18.0,11.0,9.0,13.0,15.0,32.0,124.0,123.0,168.0,106.0,138.0,174.0,169.0,164.0,89.0,196.0,165.0,183.0,68.0,186.0,136.0,130.0,71.0,138.0,128.0,118.0,39.0,112.0,130.0,156.0,65.0,141.0,149.0,90.0,97.0,118.0,58.0,54.0,52.0,54.0,63.0,35.0,54.0,37.0,53.0,32.0,45.0,26.0,51.0,41.0,36.0,56.0,45.0,55.0,43.0,10.0,45.0,52.0,32.0,65.0,73.0,86.0,101.0,102.0,124.0,78.0,93.0,104.0,58.0,76.0,83.0,75.0,76.0,82.0,83.0,91.0,67.0,80.0,60.0,23.0,12.0,23.0,28.0,39.0,75.0,50.0,69.0,75.0,48.0,50.0,76.0,52.0,59.0,64.0,40.0,32.0,51.0,34.0,47.0,43.0,36.0,35.0,37.0,32.0,24.0,22.0,31.0,17.0,12.0,10.0,14.0,4.0,6.0,10.0,6.0,10.0,11.0,9.0,8.0,3.0,7.0,15.0,11.0,4.0,15.0,8.0,13.0,5.0,10.0,10.0,10.0,10.0,6.0,13.0,4.0,5.0,6.0,15.0,3.0,13.0,12.0,11.0,5.0,6.0,12.0,11.0
14.0,8.0,4.0,2.0,1.0,13.0,5.0,5.0,0.0,14.0,10.0,6.0,13.0,12.0,11.0,2.0,2.0,14.0,5.0,14.0,10.0,12.0,10.0,1.0,11.0,15.0,10.0,14.0,11.0,0.0,4.0,5.0,6.0,10.0,5.0,12.0,15.0,4.0,11.0,3.0,14.0,2.0,5.0,6.0,14.0,9.0,7.0,7.0,7.0,10.0,7.0,4.0,3.0,11.0,7.0,10.0,3.0,15.0,17.0,4.0,7.0,7.0,9.0,7.0,10.0,15.0,2.0,6.0,13.0,15.0,36.0,80.0,105.0,157.0,163.0,54.0,150.0,158.0,167.0,65.0,176.0,156.0,142.0,75.0,158.0,135.0,112.0,120.0,158.0,117.0,86.0,155.0,158.0,146.0,88.0,140.0,116.0,70.0,96.0,85.0,64.0,67.0,44.0,44.0,69.0,54.0,56.0,46.0,29.0,28.0,24.0,42.0,59.0,41.0,34.0,58.0,41.0,51.0,32.0,46.0,53.0,42.0,59.0,85.0,98.0,97.0,107.0,129.0,75.0,97.0,118.0,74.0,93.0,98.0,50.0,77.0,91.0,69.0,92.0,98.0,64.0,34.0,24.0,27.0,53.0,53.0,52.0,86.0,73.0,64.0,86.0,63.0,58.0,72.0,51.0,47.0,72.0,52.0,50.0,69.0,42.0,43.0,40.0,34.0,36.0,20.0,13.0,18.0,12.0,9.0,5.0,9.0,4.0,4.0,15.0,13.0,4.0,6.0,14.0,10.0,11.0,7.0,13.0,10.0,12.0,8.0,12.0,3.0,8.0,6.0,6.0,2.0,0.0,12.0,11.0,9.0,9.0,8.0,8.0,14.0
12.0,4.0,12.0,14.0,12.0,13.0,11.0,2.0,13.0,4.0,12.0,9.0,11.0,5.0,11.0,3.0,6.0,1.0,5.0,14.0,13.0,13.0,11.0,12.0,8.0,15.0,8.0,15.0,11.0,12.0,11.0,13.0,11.0,5.0,1.0,9.0,6.0,12.0,11.0,6.0,5.0,14.0,8.0,8.0,0.0,9.0,13.0,3.0,8.0,11.0,6.0,10.0,15.0,5.0,12.0,7.0,4.0,8.0,12.0,12.0,18.0,9.0,9.0,7.0,5.0,9.0,8.0,5.0,4.0,8.0,8.0,6.0,15.0,20.0,58.0,102.0,84.0,177.0,159.0,188.0,134.0,241.0,159.0,76.0,160.0,192.0,135.0,151.0,184.0,119.0,75.0,161.0,137.0,97.0,93.0,119.0,125.0,80.0,110.0,129.0,121.0,47.0,93.0,83.0,46.0,71.0,35.0,38.0,24.0,51.0,28.0,45.0,19.0,68.0,39.0,18.0,16.0,20.0,47.0,41.0,33.0,45.0,34.0,51.0,46.0,31.0,49.0,39.0,29.0,61.0,91.0,65.0,97.0,88.0,74.0,72.0,88.0,73.0,66.0,80.0,57.0,70.0,80.0,55.0,68.0,80.0,43.0,19.0,17.0,21.0,33.0,49.0,32.0,59.0,47.0,48.0,58.0,41.0,41.0,58.0,37.0,41.0,62.0,38.0,35.0,49.0,34.0,26.0,46.0,31.0,30.0,39.0,28.0,25.0,32.0,23.0,18.0,20.0,19.0,12.0,7.0,4.0,10.0,0.0,13.0,8.0,12.0,7.0,10.0,10.0,12.0,13.0,4.0,12.0,1.0,7.0,9.0,5.0,14.0,7.0
9.0,9.0,8.0,13.0,6.0,9.0,14.0,8.0,3.0,8.0,8.0,11.0,12.0,3.0,8.0,4.0,0.0,2.0,1.0,7.0,15.0,12.0,15.0,14.0,7.0,13.0,15.0,5.0,6.0,7.0,9.0,11.0,9.0,10.0,1.0,0.0,16.0,15.0,0.0,4.0,15.0,10.0,15.0,9.0,14.0,9.0,15.0,11.0,1.0,17.0,9.0,8.0,15.0,14.0,11.0,15.0,10.0,7.0,4.0,10.0,11.0,45.0,78.0,101.0,137.0,149.0,41.0,158.0,164.0,164.0,50.0,166.0,165.0,131.0,91.0,162.0,124.0,77.0,134.0,140.0,116.0,60.0,129.0,137.0,116.0,81.0,158.0,158.0,167.0,107.0,152.0,108.0,79.0,55.0,46.0,60.0,58.0,55.0,28.0,51.0,41.0,28.0,23.0,21.0,28.0,22.0,51.0,18.0,27.0,32.0,45.0,24.0,42.0,26.0,38.0,49.0,63.0,44.0,66.0,96.0,110.0,107.0,101.0,79.0,77.0,83.0,83.0,84.0,89.0,63.0,84.0,72.0,61.0,81.0,40.0,30.0,21.0,19.0,18.0,52.0,38.0,63.0,81.0,57.0,59.0,69.0,49.0,57.0,53.0,39.0,62.0,43.0,33.0,51.0,30.0,31.0,36.0,24.0,21.0,29.0,24.0,18.0,16.0,18.0,13.0,14.0,3.0,8.0,4.0,8.0,14.0,11.0,4.0,7.0,7.0,4.0,7.0,3.0,13.0,7.0,14.0,14.0,15.0,11.0,6.0,12.0,9.0,10.0,4.0,9.0,7.0,5.0,6.0,14.0,4.0,6.0,1.0,9.0,6.0,14.0
10.0,0.0,2.0,13.0,0.0,2.0,10.0,4.0,9.0,15.0,15.0,5.0,0.0,1.0,3.0,8.0,13.0,2.0,4.0,5.0,4.0,14.0,8.0,13.0,11.0,12.0,7.0,8.0,15.0,14.0,2.0,0.0,10.0,10.0,2.0,9.0,14.0,0.0,0.0,7.0,15.0,13.0,11.0,13.0,12.0,15.0,14.0,6.0,13.0,14.0,5.0,13.0,4.0,6.0,10.0,17.0,10.0,7.0,8.0,16.0,5.0,13.0,12.0,10.0,13.0,10.0,23.0,42.0,87.0,119.0,54.0,149.0,145.0,146.0,112.0,127.0,161.0,150.0,143.0,75.0,156.0,131.0,146.0,52.0,147.0,116.0,126.0,39.0,131.0,117.0,133.0,90.0,132.0,137.0,157.0,69.0,120.0,126.0,69.0,113.0,45.0,33.0,76.0,40.0,56.0,38.0,48.0,33.0,33.0,39.0,46.0,45.0,40.0,25.0,59.0,45.0,48.0,50.0,14.0,44.0,36.0,53.0,37.0,63.0,93.0,67.0,99.0,114.0,67.0,103.0,112.0,69.0,74.0,92.0,67.0,83.0,95.0,60.0,36.0,17.0,18.0,34.0,29.0,37.0,82.0,54.0,62.0,74.0,41.0,48.0,56.0,39.0,42.0,67.0,40.0,45.0,42.0,32.0,43.0,30.0,26.0,40.0,21.0,32.0,17.0,14.0,28.0,12.0,15.0,6.0,10.0,17.0,15.0,13.0,4.0,10.0,7.0,10.0,7.0,9.0,8.0,9.0,12.0,11.0,2.0,10.0,3.0,2.0,2.0,0.0,12.0,5.0,9.0,11.0,14.0,7.0,10.0,9.0,11.0,8.0
8.0,15.0,12.0,6.0,7.0,14.0,11.0,0.0,9.0,8.0,11.0,12.0,0.0,14.0,8.0,10.0,8.0,4.0,7.0,0.0,15.0,7.0,6.0,14.0,8.0,14.0,3.0,14.0,15.0,0.0,2.0,12.0,1.0,0.0,9.0,7.0,7.0,7.0,4.0,14.0,5.0,11.0,6.0,15.0,6.0,6.0,14.0,14.0,6.0,14.0,8.0,15.0,6.0,11.0,8.0,0.0,13.0,15.0,14.0,3.0,10.0,15.0,1.0,18.0,9.0,14.0,10.0,4.0,9.0,7.0,6.0,13.0,14.0,12.0,18.0,45.0,112.0,132.0,153.0,93.0,116.0,166.0,177.0,100.0,172.0,202.0,146.0,102.0,180.0,151.0,76.0,136.0,132.0,116.0,53.0,111.0,155.0,152.0,87.0,158.0,164.0,126.0,103.0,133.0,96.0,75.0,83.0,59.0,78.0,49.0,41.0,59.0,42.0,70.0,53.0,41.0,27.0,31.0,46.0,52.0,48.0,19.0,59.0,49.0,36.0,58.0,44.0,43.0,70.0,87.0,101.0,99.0,87.0,106.0,76.0,81.0,88.0,64.0,85.0,81.0,82.0,92.0,65.0,79.0,86.0,55.0,17.0,20.0,19.0,33.0,58.0,56.0,73.0,67.0,92.0,104.0,74.0,77.0,86.0,62.0,61.0,72.0,41.0,48.0,64.0,47.0,43.0,56.0,25.0,45.0,50.0,18.0,48.0,33.0,23.0,41.0,19.0,31.0,30.0,6.0,10.0,14.0,4.0,10.0,13.0,3.0,12.0,15.0,6.0,13.0,9.0,12.0,7.0,14.0,3.0,9.0,7.0,10.0,10.0,7.0
13.0,11.0,12.0,9.0,13.0,11.0,7.0,8.0,10.0,0.0,11.0,4.0,15.0,14.0,15.0,7.0,14.0,3.0,15.0,15.0,7.0,10.0,13.0,7.0,2.0,6.0,3.0,12.0,4.0,6.0,5.0,14.0,2.0,4.0,11.0,10.0,6.0,6.0,15.0,4.0,4.0,3.0,7.0,3.0,3.0,13.0,10.0,3.0,11.0,9.0,13.0,12.0,12.0,8.0,16.0,24.0,11.0,8.0,12.0,9.0,8.0,9.0,15.0,10.0,13.0,44.0,83.0,86.0,143.0,145.0,120.0,101.0,173.0,157.0,122.0,114.0,161.0,135.0,89.0,125.0,152.0,123.0,65.0,148.0,136.0,120.0,54.0,142.0,159.0,152.0,61.0,134.0,140.0,94.0,117.0,103.0,53.0,42.0,48.0,33.0,58.0,34.0,47.0,34.0,39.0,32.0,18.0,23.0,28.0,18.0,36.0,51.0,22.0,48.0,38.0,53.0,48.0,30.0,54.0,95.0,82.0,109.0,117.0,75.0,83.0,103.0,71.0,85.0,101.0,79.0,102.0,115.0,74.0,99.0,102.0,48.0,39.0,44.0,39.0,73.0,57.0,69.0,93.0,62.0,71.0,90.0,50.0,60.0,80.0,43.0,47.0,61.0,34.0,44.0,54.0,37.0,48.0,41.0,25.0,30.0,29.0,32.0,20.0,18.0,25.0,16.0,8.0,10.0,9.0,12.0,11.0,13.0,11.0,6.0,2.0,12.0,8.0,13.0,13.0,0.0,13.0,9.0,3.0,13.0,15.0,1.0,15.0,8.0,10.0,13.0,5.0,13.0,6.0,2.0,15.0,1.0,10.0,1.0,12.0,5.0
1.0,8.0,11.0,11.0,6.0,14.0,1.0,11.0,4.0,11.0,2.0,13.0,11.0,3.0,14.0,1.0,9.0,9.0,7.0,2.0,11.0,13.0,0.0,0.0,8.0,9.0,0.0,1.0,10.0,11.0,7.0,3.0,10.0,4.0,11.0,14.0,13.0,13.0,10.0,5.0,7.0,7.0,14.0,12.0,6.0,12.0,15.0,13.0,2.0,11.0,15.0,2.0,14.0,10.0,5.0,2.0,8.0,0.0,18.0,9.0,17.0,11.0,12.0,8.0,14.0,8.0,13.0,14.0,12.0,13.0,11.0,39.0,90.0,110.0,160.0,172.0,91.0,150.0,194.0,183.0,68.0,179.0,195.0,136.0,118.0,183.0,139.0,81.0,160.0,154.0,122.0,130.0,169.0,152.0,86.0,150.0,157.0,109.0,137.0,119.0,59.0,44.0,50.0,65.0,45.0,35.0,91.0,62.0,55.0,54.0,63.0,48.0,46.0,63.0,47.0,22.0,39.0,68.0,45.0,54.0,30.0,39.0,47.0,47.0,23.0,73.0,100.0,78.0,104.0,97.0,82.0,88.0,96.0,70.0,75.0,93.0,55.0,70.0,86.0,37.0,28.0,22.0,21.0,38.0,51.0,52.0,66.0,86.0,57.0,68.0,67.0,51.0,61.0,51.0,55.0,71.0,49.0,49.0,55.0,39.0,43.0,57.0,13.0,39.0,45.0,12.0,27.0,29.0,18.0,17.0,17.0,12.0,11.0,6.0,11.0,14.0,10.0,15.0,5.0,6.0,12.0,5.0,3.0,7.0,14.0,4.0,6.0,9.0,16.0,11.0,15.0,7.0,3.0,5.0,1.0,14.0,4.0,6.0,10.0,9.0
6.0,12.0,7.0,9.0,6.0,4.0,8.0,9.0,8.0,10.0,4.0,14.0,4.0,11.0,1.0,4.0,6.0,4.0,3.0,8.0,12.0,11.0,8.0,3.0,8.0,0.0,11.0,6.0,15.0,6.0,10.0,10.0,3.0,11.0,15.0,15.0,2.0,12.0,5.0,3.0,5.0,10.0,4.0,14.0,3.0,14.0,6.0,1.0,13.0,14.0,10.0,10.0,14.0,8.0,11.0,10.0,7.0,14.0,4.0,10.0,27.0,15.0,5.0,13.0,12.0,9.0,13.0,9.0,14.0,5.0,11.0,10.0,19.0,36.0,118.0,61.0,157.0,181.0,166.0,74.0,179.0,190.0,126.0,165.0,206.0,154.0,102.0,169.0,135.0,103.0,134.0,151.0,106.0,97.0,143.0,139.0,100.0,110.0,150.0,116.0,104.0,121.0,79.0,62.0,88.0,60.0,42.0,34.0,84.0,52.0,78.0,63.0,66.0,37.0,37.0,22.0,28.0,17.0,36.0,14.0,35.0,24.0,18.0,35.0,55.0,61.0,83.0,91.0,91.0,72.0,87.0,87.0,52.0,83.0,78.0,64.0,81.0,79.0,77.0,86.0,68.0,85.0,97.0,41.0,20.0,21.0,24.0,41.0,72.0,47.0,60.0,71.0,71.0,64.0,55.0,67.0,50.0,41.0,45.0,54.0,33.0,48.0,54.0,24.0,38.0,56.0,25.0,40.0,37.0,12.0,31.0,30.0,13.0,25.0,20.0,14.0,11.0,8.0,9.0,14.0,14.0,15.0,6.0,17.0,4.0,5.0,6.0,8.0,12.0,14.0,15.0,4.0,5.0,1.0,15.0,12.0,13.0,14.0,0.0,14.0
15.0,14.0,5.0,14.0,1.0,14.0,9.0,12.0,2.0,10.0,14.0,14.0,15.0,2.0,10.0,14.0,13.0,0.0,8.0,5.0,6.0,8.0,2.0,15.0,1.0,15.0,13.0,14.0,12.0,3.0,8.0,0.0,0.0,10.0,12.0,1.0,7.0,0.0,12.0,13.0,5.0,13.0,10.0,11.0,15.0,15.0,15.0,12.0,11.0,12.0,9.0,10.0,11.0,1.0,12.0,12.0,8.0,10.0,26.0,10.0,8.0,15.0,12.0,6.0,5.0,9.0,13.0,16.0,24.0,83.0,107.0,65.0,137.0,173.0,155.0,88.0,179.0,187.0,148.0,176.0,210.0,166.0,110.0,166.0,134.0,107.0,141.0,154.0,120.0,112.0,159.0,153.0,103.0,152.0,174.0,137.0,133.0,153.0,118.0,84.0,65.0,29.0,65.0,65.0,51.0,90.0,58.0,57.0,51.0,58.0,38.0,33.0,32.0,59.0,37.0,34.0,38.0,37.0,39.0,24.0,53.0,68.0,36.0,69.0,98.0,87.0,102.0,106.0,66.0,75.0,89.0,57.0,83.0,83.0,62.0,79.0,96.0,61.0,37.0,21.0,19.0,39.0,27.0,45.0,62.0,49.0,61.0,72.0,50.0,56.0,64.0,52.0,55.0,50.0,34.0,51.0,25.0,41.0,53.0,16.0,39.0,40.0,9.0,32.0,30.0,17.0,20.0,7.0,9.0,8.0,8.0,4.0,10.0,2.0,11.0,15.0,15.0,12.0,0.0,8.0,9.0,10.0,4.0,9.0,3.0,15.0,8.0,16.0,10.0,13.0,10.0,3.0,12.0,9.0,14.0,13.0,3.0,5.0,2.0,13.0
10.0,14.0,9.0,15.0,8.0,0.0,9.0,12.0,0.0,9.0,3.0,12.0,4.0,12.0,14.0,14.0,9.0,3.0,5.0,12.0,7.0,1.0,7.0,7.0,15.0,10.0,8.0,6.0,5.0,14.0,13.0,10.0,10.0,5.0,15.0,2.0,5.0,6.0,1.0,4.0,11.0,6.0,11.0,1.0,13.0,8.0,2.0,4.0,3.0,6.0,33.0,21.0,8.0,9.0,8.0,14.0,7.0,8.0,7.0,14.0,25.0,45.0,118.0,136.0,157.0,51.0,161.0,210.0,172.0,129.0,213.0,218.0,147.0,198.0,197.0,145.0,153.0,178.0,141.0,112.0,164.0,180.0,136.0,180.0,196.0,174.0,127.0,149.0,122.0,67.0,52.0,44.0,79.0,47.0,45.0,81.0,66.0,62.0,73.0,64.0,44.0,34.0,62.0,30.0,33.0,55.0,21.0,40.0,36.0,49.0,50.0,62.0,96.0,117.0,89.0,115.0,103.0,83.0,87.0,91.0,56.0,87.0,89.0,66.0,81.0,93.0,59.0,69.0,75.0,35.0,39.0,30.0,41.0,72.0,52.0,67.0,83.0,59.0,59.0,65.0,50.0,55.0,55.0,34.0,50.0,34.0,42.0,55.0,34.0,30.0,39.0,27.0,25.0,31.0,33.0,17.0,15.0,23.0,14.0,6.0,7.0,15.0,4.0,7.0,6.0,3.0,6.0,3.0,12.0,10.0,6.0,11.0,14.0,13.0,11.0,3.0,12.0,3.0,6.0,8.0,5.0,3.0,3.0,14.0,1.0,10.0,8.0,5.0,12.0,11.0,6.0,13.0,11.0,13.0,7.0,6.0,11.0,9.0,11.0,9.0
15.0,7.0,13.0,14.0,11.0,5.0,9.0,10.0,2.0,14.0,5.0,11.0,1.0,6.0,7.0,4.0,10.0,3.0,10.0,8.0,13.0,9.0,9.0,8.0,12.0,7.0,5.0,8.0,7.0,2.0,15.0,10.0,12.0,2.0,4.0,11.0,6.0,13.0,8.0,10.0,13.0,12.0,9.0,0.0,14.0,7.0,5.0,3.0,14.0,13.0,0.0,16.0,4.0,13.0,14.0,12.0,13.0,14.0,8.0,20.0,11.0,12.0,14.0,15.0,31.0,57.0,118.0,151.0,162.0,58.0,171.0,187.0,165.0,60.0,177.0,144.0,131.0,46.0,136.0,143.0,123.0,62.0,147.0,137.0,110.0,106.0,149.0,167.0,112.0,159.0,172.0,143.0,100.0,100.0,73.0,65.0,56.0,44.0,76.0,57.0,62.0,42.0,46.0,31.0,36.0,24.0,32.0,35.0,19.0,27.0,33.0,33.0,37.0,15.0,56.0,63.0,48.0,75.0,101.0,119.0,106.0,97.0,102.0,86.0,95.0,102.0,67.0,87.0,94.0,73.0,81.0,50.0,26.0,30.0,16.0,33.0,73.0,50.0,73.0,100.0,75.0,79.0,91.0,73.0,66.0,78.0,55.0,47.0,56.0,40.0,50.0,51.0,34.0,41.0,30.0,41.0,33.0,20.0,38.0,8.0,10.0,17.0,11.0,6.0,6.0,8.0,6.0,7.0,2.0,12.0,5.0,3.0,8.0,12.0,8.0,1.0,6.0,13.0,15.0,7.0,7.0,0.0,40.0,49.0,29.0,35.0,26.0,23.0,23.0,23.0,18.0,11.0,22.0,17.0,8.0,10.0,14.0,21.0,25.0,18.0
0.0,15.0,7.0,4.0,11.0,7.0,1.0,14.0,0.0,4.0,0.0,12.0,0.0,8.0,6.0,0.0,5.0,2.0,13.0,5.0,0.0,2.0,15.0,14.0,7.0,2.0,14.0,12.0,14.0,8.0,3.0,12.0,6.0,4.0,2.0,12.0,9.0,9.0,2.0,9.0,9.0,0.0,14.0,8.0,12.0,0.0,11.0,15.0,0.0,20.0,20.0,10.0,9.0,12.0,8.0,9.0,6.0,12.0,7.0,17.0,67.0,99.0,139.0,51.0,168.0,162.0,173.0,74.0,167.0,187.0,151.0,44.0,165.0,142.0,127.0,62.0,145.0,146.0,138.0,62.0,136.0,169.0,140.0,83.0,158.0,146.0,95.0,140.0,125.0,63.0,70.0,80.0,60.0,61.0,42.0,79.0,47.0,30.0,69.0,29.0,43.0,45.0,41.0,40.0,21.0,35.0,31.0,23.0,51.0,46.0,79.0,68.0,97.0,91.0,69.0,82.0,89.0,66.0,70.0,82.0,59.0,64.0,80.0,53.0,62.0,82.0,54.0,40.0,35.0,26.0,39.0,54.0,48.0,63.0,47.0,43.0,49.0,32.0,35.0,55.0,38.0,28.0,36.0,33.0,29.0,34.0,30.0,36.0,39.0,25.0,28.0,27.0,24.0,15.0,15.0,18.0,7.0,12.0,6.0,2.0,13.0,6.0,12.0,0.0,8.0,2.0,14.0,15.0,2.0,15.0,2.0,7.0,7.0,7.0,9.0,2.0,13.0,10.0,11.0,13.0,3.0,13.0,10.0,13.0,14.0,4.0,1.0,11.0,2.0,10.0,0.0,3.0,12.0,14.0,5.0,7.0,15.0,8.0,2.0,11.0
8.0,11.0,13.0,14.0,6.0,9.0,2.0,0.0,11.0,12.0,7.0,2.0,13.0,7.0,2.0,13.0,9.0,5.0,15.0,8.0,4.0,2.0,13.0,3.0,7.0,6.0,2.0,15.0,12.0,10.0,3.0,15.0,13.0,10.0,3.0,10.0,14.0,14.0,0.0,4.0,12.0,14.0,14.0,11.0,1.0,3.0,9.0,8.0,12.0,28.0,19.0,8.0,7.0,8.0,2.0,9.0,6.0,4.0,4.0,15.0,84.0,82.0,141.0,91.0,109.0,145.0,164.0,122.0,124.0,174.0,149.0,82.0,139.0,161.0,119.0,53.0,137.0,134.0,117.0,68.0,131.0,148.0,107.0,134.0,151.0,119.0,71.0,86.0,92.0,57.0,73.0,52.0,45.0,69.0,46.0,38.0,29.0,73.0,49.0,35.0,54.0,51.0,67.0,40.0,64.0,61.0,34.0,48.0,49.0,58.0,64.0,93.0,94.0,107.0,92.0,108.0,71.0,99.0,112.0,62.0,80.0,91.0,56.0,77.0,88.0,54.0,74.0,43.0,17.0,18.0,31.0,36.0,61.0,54.0,65.0,75.0,56.0,55.0,67.0,43.0,51.0,52.0,43.0,34.0,54.0,22.0,41.0,36.0,24.0,30.0,37.0,25.0,22.0,14.0,21.0,17.0,8.0,13.0,4.0,8.0,7.0,2.0,5.0,12.0,8.0,7.0,11.0,4.0,14.0,1.0,6.0,0.0,2.0,7.0,5.0,6.0,12.0,8.0,2.0,2.0,9.0,8.0,15.0,3.0,7.0,14.0,2.0,9.0,11.0,9.0,2.0,6.0,9.0,13.0,5.0,12.0,6.0,10.0,0.0,6.0
3.0,10.0,4.0,10.0,7.0,8.0,0.0,14.0,8.0,5.0,9.0,6.0,14.0,6.0,10.0,7.0,11.0,16.0,5.0,9.0,2.0,1.0,12.0,13.0,10.0,15.0,15.0,5.0,1.0,5.0,8.0,9.0,13.0,9.0,8.0,8.0,13.0,7.0,15.0,6.0,1.0,1.0,4.0,11.0,18.0,15.0,10.0,7.0,7.0,12.0,9.0,9.0,10.0,5.0,13.0,59.0,102.0,80.0,149.0,164.0,155.0,52.0,148.0,171.0,157.0,79.0,135.0,143.0,116.0,58.0,113.0,138.0,120.0,62.0,128.0,156.0,133.0,65.0,139.0,133.0,76.0,121.0,54.0,45.0,59.0,60.0,57.0,54.0,39.0,64.0,51.0,47.0,20.0,67.0,54.0,27.0,75.0,37.0,63.0,52.0,29.0,59.0,88.0,76.0,60.0,107.0,63.0,91.0,81.0,59.0,62.0,80.0,57.0,78.0,77.0,54.0,69.0,79.0,45.0,15.0,24.0,18.0,41.0,22.0,41.0,61.0,44.0,62.0,57.0,35.0,44.0,28.0,38.0,61.0,28.0,40.0,49.0,29.0,43.0,44.0,16.0,34.0,29.0,34.0,33.0,30.0,35.0,23.0,26.0,18.0,7.0,14.0,8.0,11.0,11.0,2.0,8.0,7.0,11.0,7.0,11.0,11.0,3.0,7.0,15.0,12.0,9.0,8.0,11.0,1.0,2.0,7.0,9.0,13.0,9.0,12.0,7.0,13.0,2.0,11.0,6.0,7.0,6.0,9.0,8.0,9.0,9.0,7.0,9.0,15.0,9.0,7.0,15.0,22.0,10.0,32.0,32.0,42.0,11.0,17.0
12.0,0.0,9.0,9.0,1.0,15.0,2.0,13.0,7.0,2.0,2.0,9.0,1.0,3.0,2.0,5.0,4.0,8.0,13.0,12.0,4.0,14.0,13.0,6.0,5.0,12.0,11.0,13.0,9.0,0.0,8.0,10.0,1.0,2.0,14.0,11.0,12.0,7.0,5.0,3.0,15.0,11.0,9.0,15.0,5.0,11.0,8.0,7.0,2.0,15.0,9.0,14.0,13.0,15.0,6.0,10.0,7.0,15.0,15.0,5.0,9.0,14.0,10.0,28.0,89.0,63.0,116.0,137.0,142.0,85.0,127.0,179.0,140.0,68.0,153.0,167.0,123.0,84.0,155.0,124.0,80.0,117.0,142.0,104.0,69.0,126.0,136.0,99.0,93.0,105.0,85.0,94.0,70.0,46.0,44.0,34.0,62.0,53.0,57.0,36.0,37.0,37.0,30.0,17.0,32.0,45.0,15.0,34.0,25.0,31.0,20.0,39.0,47.0,55.0,36.0,62.0,81.0,76.0,86.0,105.0,74.0,76.0,87.0,76.0,80.0,75.0,93.0,81.0,68.0,70.0,75.0,37.0,23.0,31.0,27.0,39.0,33.0,39.0,67.0,40.0,45.0,66.0,44.0,38.0,57.0,45.0,32.0,45.0,27.0,44.0,27.0,37.0,37.0,17.0,28.0,34.0,17.0,33.0,24.0,16.0,22.0,17.0,15.0,7.0,14.0,13.0,3.0,2.0,0.0,7.0,14.0,8.0,5.0,4.0,5.0,11.0,7.0,13.0,12.0,12.0,6.0,11.0,7.0,3.0,14.0,8.0,9.0,8.0,2.0,5.0,14.0,7.0,12.0,0.0,13.0,14.0,1.0,10.0,15.0,6.0
1.0,9.0,0.0,0.0,4.0,4.0,1.0,3.0,10.0,12.0,6.0,9.0,7.0,15.0,6.0,13.0,12.0,13.0,13.0,14.0,12.0,4.0,15.0,2.0,3.0,9.0,12.0,8.0,11.0,13.0,2.0,8.0,14.0,15.0,2.0,16.0,15.0,1.0,7.0,6.0,1.0,2.0,3.0,5.0,11.0,4.0,14.0,6.0,15.0,26.0,10.0,16.0,9.0,10.0,16.0,3.0,13.0,12.0,15.0,67.0,54.0,106.0,142.0,145.0,45.0,158.0,175.0,130.0,98.0,161.0,135.0,88.0,149.0,151.0,114.0,120.0,156.0,119.0,102.0,152.0,155.0,133.0,148.0,162.0,163.0,115.0,127.0,129.0,77.0,49.0,30.0,61.0,64.0,51.0,66.0,59.0,23.0,35.0,27.0,20.0,50.0,29.0,33.0,38.0,32.0,37.0,18.0,44.0,29.0,50.0,46.0,68.0,97.0,83.0,95.0,82.0,102.0,72.0,82.0,86.0,62.0,71.0,80.0,75.0,79.0,53.0,65.0,59.0,24.0,18.0,28.0,27.0,45.0,49.0,52.0,66.0,40.0,47.0,64.0,30.0,39.0,50.0,38.0,40.0,46.0,35.0,45.0,29.0,25.0,32.0,20.0,30.0,32.0,16.0,18.0,21.0,19.0,11.0,11.0,7.0,14.0,2.0,7.0,5.0,5.0,11.0,7.0,4.0,8.0,7.0,4.0,9.0,9.0,5.0,4.0,4.0,15.0,2.0,2.0,2.0,12.0,3.0,2.0,9.0,6.0,15.0,0.0,1.0,12.0,11.0,13.0,14.0,1.0,14.0,14.0,9.0,15.0,5.0,12.0,10.0
0.0,6.0,2.0,2.0,2.0,5.0,8.0,3.0,15.0,2.0,15.0,14.0,11.0,14.0,13.0,13.0,5.0,5.0,13.0,10.0,10.0,5.0,11.0,14.0,9.0,6.0,2.0,10.0,13.0,15.0,13.0,6.0,3.0,12.0,7.0,15.0,8.0,2.0,9.0,9.0,15.0,14.0,14.0,12.0,4.0,14.0,4.0,15.0,4.0,15.0,17.0,14.0,10.0,9.0,13.0,7.0,4.0,12.0,11.0,14.0,8.0,17.0,93.0,88.0,149.0,62.0,132.0,169.0,152.0,62.0,159.0,181.0,141.0,120.0,166.0,128.0,86.0,146.0,134.0,107.0,119.0,142.0,111.0,80.0,117.0,123.0,109.0,123.0,127.0,99.0,80.0,65.0,31.0,71.0,58.0,62.0,54.0,42.0,61.0,33.0,60.0,28.0,31.0,59.0,50.0,54.0,19.0,39.0,24.0,39.0,35.0,48.0,69.0,58.0,82.0,100.0,60.0,84.0,96.0,59.0,82.0,95.0,55.0,76.0,89.0,67.0,76.0,99.0,60.0,74.0,63.0,18.0,33.0,34.0,41.0,73.0,41.0,50.0,66.0,33.0,49.0,61.0,42.0,51.0,56.0,44.0,43.0,40.0,32.0,40.0,22.0,32.0,32.0,18.0,26.0,26.0,17.0,26.0,17.0,14.0,14.0,11.0,15.0,13.0,5.0,12.0,8.0,3.0,6.0,14.0,11.0,2.0,3.0,1.0,2.0,1.0,4.0,5.0,8.0,8.0,2.0,13.0,8.0,1.0,6.0,10.0,12.0,14.0,15.0,8.0,13.0,11.0,12.0,7.0,14.0,8.0,4.0,8.0,3.0,12.0
4.0,2.0,15.0,13.0,13.0,0.0,5.0,5.0,6.0,1.0,8.0,5.0,10.0,7.0,4.0,9.0,10.0,13.0,14.0,3.0,9.0,15.0,7.0,7.0,9.0,15.0,7.0,12.0,12.0,12.0,15.0,11.0,5.0,2.0,13.0,10.0,10.0,13.0,13.0,12.0,15.0,13.0,4.0,15.0,5.0,10.0,8.0,12.0,9.0,15.0,6.0,2.0,14.0,2.0,18.0,20.0,7.0,9.0,8.0,10.0,8.0,13.0,7.0,5.0,6.0,6.0,8.0,39.0,89.0,114.0,55.0,133.0,156.0,154.0,47.0,167.0,160.0,103.0,103.0,159.0,112.0,64.0,137.0,130.0,102.0,73.0,120.0,99.0,100.0,107.0,105.0,104.0,65.0,95.0,90.0,67.0,54.0,44.0,53.0,40.0,49.0,74.0,52.0,49.0,42.0,54.0,46.0,30.0,27.0,56.0,29.0,38.0,35.0,36.0,44.0,17.0,39.0,34.0,26.0,38.0,44.0,49.0,63.0,81.0,88.0,81.0,87.0,92.0,71.0,71.0,76.0,80.0,62.0,61.0,62.0,72.0,30.0,10.0,24.0,19.0,28.0,44.0,25.0,44.0,62.0,37.0,47.0,55.0,31.0,41.0,41.0,47.0,41.0,30.0,27.0,33.0,25.0,36.0,35.0,11.0,31.0,31.0,14.0,22.0,17.0,20.0,8.0,9.0,7.0,13.0,9.0,12.0,9.0,1.0,15.0,15.0,13.0,8.0,4.0,6.0,12.0,14.0,15.0,3.0,13.0,11.0,9.0,14.0,4.0,2.0,12.0,2.0,13.0,4.0,8.0,3.0,3.0,8.0,6.0,10.0
9.0,9.0,1.0,11.0,15.0,0.0,11.0,12.0,12.0,2.0,4.0,9.0,5.0,12.0,7.0,2.0,1.0,7.0,9.0,15.0,14.0,12.0,1.0,0.0,13.0,13.0,12.0,15.0,14.0,14.0,12.0,15.0,3.0,7.0,12.0,7.0,6.0,13.0,12.0,10.0,13.0,12.0,14.0,3.0,14.0,1.0,14.0,7.0,15.0,15.0,4.0,10.0,11.0,2.0,9.0,10.0,9.0,15.0,6.0,15.0,16.0,79.0,68.0,109.0,149.0,155.0,156.0,62.0,170.0,183.0,130.0,102.0,155.0,117.0,74.0,138.0,169.0,141.0,92.0,152.0,149.0,105.0,148.0,152.0,114.0,107.0,123.0,111.0,79.0,61.0,26.0,70.0,51.0,46.0,70.0,46.0,35.0,27.0,47.0,53.0,23.0,28.0,40.0,9.0,35.0,30.0,25.0,32.0,32.0,50.0,60.0,44.0,75.0,93.0,68.0,87.0,93.0,49.0,69.0,82.0,50.0,61.0,78.0,55.0,70.0,88.0,61.0,62.0,35.0,21.0,51.0,34.0,46.0,63.0,45.0,49.0,47.0,33.0,48.0,31.0,34.0,46.0,25.0,46.0,45.0,25.0,35.0,30.0,39.0,39.0,27.0,43.0,24.0,12.0,26.0,13.0,6.0,15.0,11.0,4.0,11.0,5.0,6.0,5.0,15.0,4.0,15.0,4.0,3.0,5.0,3.0,9.0,6.0,13.0,2.0,3.0,11.0,13.0,5.0,13.0,12.0,9.0,5.0,15.0,12.0,12.0,7.0,6.0,15.0,11.0,10.0,11.0,10.0,12.0,15.0,12.0,5.0,15.0,4.0,5.0
12.0,11.0,10.0,13.0,14.0,8.0,10.0,14.0,9.0,12.0,13.0,14.0,11.0,14.0,12.0,11.0,8.0,6.0,4.0,6.0,6.0,4.0,12.0,11.0,6.0,13.0,0.0,12.0,13.0,6.0,2.0,14.0,3.0,15.0,6.0,9.0,3.0,1.0,0.0,13.0,2.0,1.0,0.0,8.0,6.0,13.0,5.0,2.0,13.0,7.0,3.0,4.0,0.0,22.0,16.0,9.0,7.0,6.0,11.0,15.0,7.0,13.0,8.0,12.0,23.0,104.0,100.0,155.0,92.0,125.0,153.0,171.0,105.0,146.0,183.0,139.0,79.0,139.0,156.0,123.0,52.0,138.0,133.0,121.0,64.0,136.0,161.0,131.0,127.0,159.0,155.0,86.0,126.0,122.0,60.0,86.0,75.0,54.0,57.0,51.0,38.0,49.0,30.0,56.0,48.0,36.0,31.0,44.0,39.0,21.0,63.0,49.0,46.0,68.0,82.0,59.0,80.0,103.0,83.0,81.0,83.0,58.0,71.0,66.0,57.0,73.0,86.0,57.0,63.0,62.0,51.0,21.0,15.0,30.0,42.0,37.0,47.0,60.0,41.0,49.0,53.0,38.0,42.0,49.0,34.0,47.0,33.0,25.0,38.0,20.0,29.0,40.0,10.0,36.0,32.0,22.0,31.0,19.0,8.0,10.0,11.0,9.0,13.0,8.0,8.0,13.0,9.0,3.0,5.0,4.0,2.0,10.0,6.0,2.0,5.0,9.0,1.0,9.0,12.0,6.0,0.0,4.0,0.0,2.0,9.0,9.0,8.0,15.0,8.0,8.0,6.0,7.0,9.0,8.0,12.0,5.0,8.0,15.0,13.0,13.0
7.0,2.0,4.0,8.0,4.0,10.0,11.0,7.0,11.0,3.0,2.0,15.0,8.0,7.0,2.0,7.0,1.0,5.0,9.0,9.0,10.0,4.0,9.0,9.0,13.0,8.0,11.0,13.0,2.0,11.0,6.0,8.0,6.0,2.0,8.0,12.0,2.0,7.0,4.0,1.0,14.0,13.0,8.0,12.0,10.0,10.0,10.0,16.0,15.0,11.0,12.0,8.0,7.0,10.0,12.0,8.0,13.0,17.0,58.0,62.0,112.0,124.0,144.0,116.0,105.0,160.0,173.0,166.0,65.0,164.0,161.0,126.0,65.0,144.0,121.0,106.0,85.0,137.0,125.0,125.0,94.0,137.0,138.0,76.0,141.0,125.0,83.0,78.0,53.0,49.0,41.0,34.0,59.0,25.0,51.0,31.0,60.0,44.0,61.0,37.0,42.0,31.0,25.0,26.0,36.0,37.0,20.0,42.0,36.0,63.0,50.0,81.0,94.0,51.0,76.0,81.0,50.0,69.0,85.0,59.0,77.0,83.0,57.0,65.0,78.0,46.0,38.0,27.0,21.0,47.0,30.0,45.0,58.0,45.0,49.0,60.0,35.0,38.0,54.0,36.0,47.0,41.0,27.0,41.0,29.0,21.0,36.0,19.0,21.0,21.0,17.0,28.0,19.0,21.0,22.0,13.0,11.0,6.0,4.0,10.0,11.0,4.0,13.0,3.0,3.0,13.0,1.0,11.0,10.0,2.0,6.0,14.0,16.0,8.0,4.0,6.0,15.0,4.0,0.0,6.0,12.0,9.0,11.0,6.0,8.0,15.0,1.0,0.0,14.0,8.0,15.0,14.0,15.0,1.0,9.0,10.0,7.0,13.0,12.0,12.0
1.0,16.0,4.0,15.0,15.0,10.0,15.0,7.0,1.0,7.0,3.0,4.0,15.0,7.0,11.0,14.0,14.0,12.0,11.0,7.0,12.0,15.0,14.0,2.0,6.0,5.0,6.0,10.0,8.0,1.0,2.0,12.0,15.0,15.0,7.0,10.0,1.0,11.0,2.0,12.0,12.0,6.0,10.0,10.0,7.0,9.0,15.0,3.0,10.0,14.0,14.0,10.0,10.0,6.0,13.0,12.0,6.0,15.0,13.0,15.0,25.0,75.0,83.0,89.0,136.0,169.0,144.0,80.0,176.0,182.0,136.0,80.0,157.0,138.0,106.0,114.0,141.0,123.0,80.0,110.0,142.0,116.0,101.0,110.0,138.0,143.0,81.0,144.0,153.0,118.0,119.0,112.0,85.0,71.0,68.0,40.0,59.0,65.0,59.0,38.0,38.0,32.0,39.0,23.0,16.0,22.0,20.0,14.0,26.0,14.0,28.0,29.0,33.0,47.0,71.0,82.0,74.0,77.0,80.0,48.0,61.0,65.0,42.0,59.0,67.0,42.0,59.0,73.0,44.0,52.0,33.0,20.0,24.0,25.0,25.0,59.0,50.0,53.0,64.0,47.0,50.0,50.0,31.0,31.0,45.0,24.0,25.0,45.0,18.0,36.0,22.0,15.0,34.0,15.0,15.0,28.0,10.0,12.0,7.0,10.0,11.0,6.0,2.0,10.0,8.0,2.0,11.0,10.0,5.0,15.0,5.0,5.0,7.0,13.0,5.0,5.0,10.0,10.0,1.0,10.0,11.0,4.0,15.0,6.0,5.0,10.0,7.0,6.0,5.0,6.0,4.0,3.0,9.0,4.0,12.0,0.0,7.0,11.0,15.0,8.0
14.0,12.0,12.0,10.0,7.0,9.0,4.0,4.0,10.0,8.0,11.0,9.0,10.0,5.0,14.0,3.0,14.0,2.0,6.0,14.0,8.0,2.0,11.0,9.0,0.0,14.0,15.0,3.0,11.0,5.0,13.0,5.0,15.0,5.0,12.0,2.0,0.0,2.0,4.0,13.0,13.0,12.0,1.0,4.0,4.0,12.0,12.0,12.0,15.0,6.0,12.0,11.0,6.0,17.0,22.0,8.0,12.0,9.0,5.0,13.0,6.0,8.0,4.0,15.0,10.0,7.0,17.0,30.0,105.0,39.0,135.0,154.0,131.0,103.0,170.0,147.0,97.0,172.0,180.0,129.0,118.0,157.0,108.0,74.0,128.0,129.0,97.0,68.0,103.0,112.0,108.0,75.0,123.0,112.0,54.0,108.0,90.0,51.0,92.0,77.0,53.0,43.0,30.0,56.0,35.0,61.0,41.0,57.0,25.0,17.0,36.0,41.0,51.0,26.0,30.0,27.0,21.0,35.0,18.0,24.0,21.0,37.0,35.0,38.0,73.0,50.0,51.0,59.0,34.0,47.0,68.0,35.0,48.0,58.0,32.0,52.0,60.0,32.0,31.0,13.0,8.0,14.0,18.0,13.0,38.0,43.0,34.0,58.0,53.0,36.0,45.0,31.0,30.0,51.0,41.0,27.0,47.0,27.0,26.0,31.0,19.0,25.0,18.0,21.0,28.0,15.0,17.0,23.0,11.0,3.0,13.0,2.0,15.0,3.0,6.0,8.0,2.0,2.0,3.0,14.0,9.0,10.0,2.0,3.0,10.0,14.0,6.0,10.0,9.0,2.0,14.0,15.0,7.0,8.0,11.0,1.0,6.0,6.0,14.0,15.0
13.0,2.0,7.0,2.0,6.0,11.0,15.0,11.0,3.0,15.0,9.0,6.0,4.0,2.0,5.0,2.0,3.0,14.0,13.0,7.0,9.0,0.0,0.0,6.0,9.0,13.0,9.0,7.0,7.0,1.0,4.0,6.0,9.0,13.0,5.0,12.0,8.0,13.0,9.0,4.0,14.0,9.0,4.0,4.0,7.0,11.0,12.0,12.0,4.0,15.0,6.0,6.0,15.0,4.0,12.0,14.0,29.0,7.0,9.0,8.0,16.0,6.0,7.0,14.0,13.0,2.0,14.0,23.0,56.0,90.0,45.0,132.0,152.0,131.0,108.0,175.0,144.0,95.0,166.0,188.0,136.0,121.0,164.0,110.0,76.0,139.0,125.0,93.0,94.0,110.0,100.0,50.0,103.0,120.0,92.0,99.0,119.0,105.0,90.0,82.0,49.0,35.0,67.0,60.0,30.0,29.0,56.0,33.0,55.0,32.0,41.0,35.0,16.0,23.0,35.0,43.0,33.0,24.0,41.0,45.0,23.0,60.0,76.0,46.0,70.0,76.0,40.0,58.0,76.0,47.0,59.0,83.0,55.0,61.0,82.0,53.0,55.0,64.0,29.0,22.0,16.0,21.0,19.0,32.0,31.0,52.0,41.0,38.0,56.0,35.0,41.0,53.0,43.0,35.0,53.0,24.0,36.0,43.0,13.0,31.0,31.0,11.0,25.0,17.0,21.0,17.0,14.0,11.0,15.0,5.0,15.0,13.0,12.0,4.0,4.0,1.0,2.0,8.0,6.0,3.0,9.0,15.0,5.0,10.0,10.0,7.0,11.0,10.0,15.0,8.0,10.0,12.0,15.0,4.0,5.0,15.0,12.0,9.0,2.0,3.0
1.0,6.0,13.0,6.0,9.0,7.0,14.0,3.0,8.0,5.0,9.0,1.0,7.0,15.0,10.0,12.0,10.0,13.0,13.0,4.0,10.0,6.0,4.0,9.0,11.0,2.0,14.0,0.0,13.0,13.0,1.0,10.0,12.0,5.0,16.0,11.0,12.0,0.0,10.0,13.0,14.0,7.0,10.0,13.0,8.0,3.0,1.0,15.0,2.0,27.0,11.0,12.0,7.0,9.0,10.0,7.0,9.0,14.0,10.0,6.0,13.0,33.0,99.0,81.0,106.0,139.0,136.0,146.0,60.0,150.0,157.0,144.0,44.0,136.0,128.0,112.0,68.0,96.0,101.0,110.0,94.0,106.0,131.0,146.0,83.0,124.0,130.0,86.0,111.0,89.0,54.0,60.0,56.0,46.0,59.0,31.0,49.0,44.0,37.0,57.0,14.0,30.0,30.0,30.0,14.0,34.0,28.0,38.0,40.0,67.0,81.0,74.0,77.0,84.0,48.0,70.0,67.0,43.0,61.0,68.0,47.0,56.0,72.0,43.0,53.0,34.0,17.0,24.0,35.0,37.0,51.0,68.0,41.0,58.0,55.0,37.0,38.0,48.0,32.0,45.0,43.0,38.0,47.0,40.0,28.0,39.0,29.0,28.0,27.0,14.0,34.0,16.0,17.0,26.0,12.0,18.0,19.0,7.0,12.0,9.0,11.0,9.0,13.0,6.0,14.0,10.0,7.0,4.0,11.0,5.0,3.0,2.0,10.0,5.0,12.0,10.0,5.0,7.0,6.0,5.0,7.0,15.0,15.0,3.0,7.0,11.0,9.0,9.0,3.0,3.0,3.0,13.0,1.0,3.0,11.0,15.0,13.0,6.0,10.0,9.0
4.0,2.0,12.0,12.0,7.0,13.0,10.0,10.0,3.0,12.0,8.0,11.0,9.0,10.0,7.0,9.0,7.0,11.0,10.0,11.0,10.0,11.0,12.0,15.0,3.0,15.0,8.0,11.0,14.0,15.0,9.0,14.0,3.0,14.0,0.0,9.0,10.0,7.0,12.0,13.0,16.0,6.0,15.0,5.0,3.0,2.0,14.0,12.0,9.0,8.0,12.0,11.0,15.0,3.0,14.0,3.0,14.0,18.0,14.0,8.0,13.0,10.0,15.0,11.0,12.0,6.0,12.0,8.0,11.0,3.0,18.0,71.0,43.0,123.0,155.0,98.0,131.0,191.0,139.0,97.0,157.0,138.0,95.0,127.0,145.0,109.0,75.0,127.0,108.0,92.0,61.0,101.0,102.0,65.0,91.0,90.0,69.0,98.0,81.0,64.0,66.0,50.0,49.0,37.0,32.0,41.0,59.0,44.0,65.0,33.0,40.0,30.0,25.0,32.0,29.0,33.0,31.0,43.0,62.0,78.0,44.0,65.0,85.0,57.0,79.0,89.0,74.0,79.0,75.0,80.0,57.0,60.0,72.0,44.0,59.0,59.0,35.0,37.0,39.0,35.0,56.0,61.0,48.0,55.0,54.0,37.0,50.0,47.0,38.0,47.0,48.0,32.0,43.0,32.0,33.0,33.0,28.0,24.0,17.0,21.0,28.0,13.0,26.0,23.0,11.0,11.0,15.0,3.0,11.0,15.0,8.0,15.0,10.0,4.0,5.0,5.0,8.0,14.0,6.0,8.0,4.0,11.0,4.0,14.0,9.0,2.0,12.0,7.0,13.0,6.0,3.0,14.0,2.0,10.0,0.0,2.0,0.0,2.0,3.0,0.0
6.0,8.0,11.0,7.0,3.0,7.0,11.0,6.0,13.0,6.0,2.0,4.0,5.0,6.0,5.0,10.0,9.0,5.0,15.0,10.0,7.0,15.0,7.0,8.0,3.0,8.0,5.0,13.0,11.0,14.0,1.0,3.0,7.0,5.0,6.0,8.0,7.0,5.0,7.0,11.0,11.0,9.0,4.0,6.0,8.0,5.0,11.0,0.0,8.0,1.0,10.0,20.0,10.0,6.0,6.0,5.0,6.0,5.0,4.0,12.0,0.0,9.0,19.0,69.0,83.0,126.0,59.0,112.0,137.0,132.0,99.0,113.0,137.0,110.0,76.0,104.0,117.0,100.0,59.0,109.0,130.0,127.0,81.0,143.0,147.0,136.0,73.0,133.0,99.0,67.0,54.0,46.0,50.0,21.0,64.0,36.0,42.0,26.0,55.0,32.0,34.0,41.0,12.0,41.0,40.0,45.0,50.0,24.0,35.0,56.0,70.0,82.0,113.0,124.0,107.0,84.0,68.0,89.0,58.0,61.0,57.0,59.0,58.0,67.0,80.0,54.0,44.0,18.0,15.0,25.0,25.0,44.0,56.0,41.0,41.0,51.0,32.0,31.0,48.0,42.0,33.0,45.0,40.0,12.0,34.0,33.0,26.0,33.0,25.0,32.0,16.0,21.0,11.0,13.0,10.0,13.0,8.0,4.0,14.0,2.0,12.0,7.0,9.0,5.0,4.0,11.0,11.0,3.0,9.0,3.0,4.0,9.0,14.0,10.0,14.0,11.0,9.0,1.0,9.0,0.0,15.0,14.0,6.0,7.0,11.0,13.0,7.0,2.0,8.0,4.0,14.0,15.0,7.0,10.0,7.0,1.0,5.0,8.0,11.0,7.0
12.0,8.0,10.0,1.0,14.0,13.0,17.0,9.0,9.0,14.0,8.0,15.0,11.0,7.0,10.0,3.0,9.0,14.0,9.0,2.0,4.0,4.0,6.0,0.0,10.0,13.0,8.0,10.0,11.0,3.0,14.0,15.0,11.0,12.0,9.0,10.0,10.0,7.0,11.0,9.0,8.0,5.0,10.0,12.0,7.0,13.0,15.0,4.0,14.0,17.0,14.0,12.0,13.0,14.0,5.0,8.0,2.0,7.0,7.0,7.0,10.0,8.0,13.0,44.0,53.0,84.0,107.0,49.0,116.0,143.0,107.0,105.0,145.0,112.0,74.0,112.0,97.0,68.0,97.0,86.0,55.0,88.0,89.0,64.0,102.0,126.0,82.0,115.0,121.0,70.0,82.0,70.0,43.0,54.0,32.0,37.0,29.0,50.0,35.0,45.0,35.0,30.0,15.0,40.0,27.0,10.0,22.0,12.0,28.0,28.0,24.0,19.0,26.0,23.0,46.0,46.0,55.0,54.0,49.0,65.0,65.0,49.0,66.0,64.0,55.0,61.0,54.0,60.0,65.0,34.0,13.0,15.0,17.0,23.0,42.0,28.0,45.0,54.0,34.0,39.0,34.0,34.0,48.0,31.0,24.0,43.0,24.0,25.0,38.0,23.0,22.0,41.0,16.0,19.0,29.0,19.0,17.0,23.0,27.0,15.0,17.0,12.0,6.0,5.0,9.0,10.0,13.0,10.0,4.0,5.0,6.0,5.0,8.0,10.0,7.0,7.0,13.0,5.0,10.0,0.0,14.0,4.0,10.0,4.0,3.0,6.0,15.0,12.0,15.0,15.0,6.0,15.0,10.0,9.0,11.0,12.0,13.0,15.0,3.0,17.0
4.0,12.0,2.0,10.0,15.0,12.0,13.0,15.0,14.0,3.0,14.0,9.0,4.0,11.0,9.0,10.0,13.0,6.0,13.0,10.0,12.0,12.0,7.0,12.0,5.0,10.0,2.0,4.0,14.0,15.0,15.0,7.0,14.0,15.0,5.0,4.0,3.0,5.0,15.0,0.0,4.0,12.0,12.0,6.0,13.0,13.0,4.0,2.0,1.0,11.0,11.0,14.0,10.0,12.0,7.0,12.0,8.0,9.0,9.0,27.0,91.0,88.0,85.0,135.0,148.0,92.0,163.0,196.0,154.0,148.0,196.0,155.0,104.0,165.0,151.0,113.0,152.0,169.0,141.0,121.0,167.0,171.0,123.0,166.0,168.0,137.0,136.0,126.0,90.0,63.0,45.0,37.0,82.0,42.0,35.0,47.0,62.0,39.0,52.0,45.0,79.0,29.0,48.0,36.0,27.0,36.0,16.0,23.0,25.0,31.0,36.0,38.0,36.0,54.0,90.0,75.0,81.0,86.0,62.0,74.0,87.0,67.0,70.0,83.0,51.0,64.0,31.0,14.0,26.0,48.0,39.0,61.0,77.0,60.0,65.0,62.0,48.0,57.0,48.0,46.0,66.0,49.0,48.0,50.0,32.0,43.0,51.0,23.0,44.0,26.0,25.0,40.0,23.0,24.0,19.0,7.0,10.0,6.0,8.0,13.0,15.0,2.0,5.0,2.0,13.0,4.0,13.0,11.0,10.0,4.0,11.0,5.0,10.0,6.0,12.0,4.0,7.0,2.0,14.0,5.0,2.0,12.0,12.0,14.0,2.0,12.0,14.0,2.0,11.0,1.0,8.0,14.0,17.0,15.0,15.0,15.0,12.0,11.0,13.0,4.0
14.0,10.0,1.0,7.0,12.0,3.0,8.0,5.0,6.0,9.0,14.0,11.0,7.0,8.0,4.0,11.0,15.0,10.0,9.0,5.0,4.0,13.0,11.0,10.0,6.0,9.0,14.0,15.0,13.0,12.0,13.0,4.0,15.0,5.0,13.0,8.0,7.0,10.0,13.0,15.0,28.0,18.0,18.0,12.0,14.0,4.0,8.0,13.0,55.0,91.0,128.0,172.0,149.0,60.0,171.0,192.0,185.0,56.0,180.0,173.0,112.0,102.0,156.0,114.0,87.0,130.0,151.0,104.0,79.0,128.0,149.0,96.0,131.0,116.0,69.0,102.0,95.0,47.0,61.0,54.0,71.0,48.0,54.0,65.0,62.0,47.0,40.0,38.0,59.0,58.0,28.0,50.0,41.0,18.0,50.0,46.0,39.0,16.0,62.0,43.0,88.0,73.0,65.0,94.0,111.0,76.0,107.0,120.0,137.0,76.0,106.0,103.0,65.0,96.0,111.0,102.0,76.0,44.0,28.0,23.0,37.0,72.0,56.0,68.0,98.0,81.0,68.0,97.0,93.0,51.0,73.0,91.0,58.0,66.0,73.0,51.0,37.0,44.0,60.0,29.0,35.0,33.0,25.0,15.0,17.0,11.0,6.0,19.0,11.0,14.0,10.0,9.0,12.0,12.0,7.0,13.0,4.0,2.0,13.0,6.0,5.0,15.0,10.0,6.0,10.0,12.0,9.0,7.0,3.0,8.0,15.0,4.0,4.0,9.0,10.0,11.0,4.0,9.0,13.0,3.0,6.0,14.0,1.0,12.0,13.0,15.0,10.0,10.0,1.0,6.0,8.0,10.0,9.0,8.0,6.0,16.0,8.0,10.0,13.0,15.0
14.0,5.0,4.0,10.0,7.0,73.0,13.0,14.0,15.0,6.0,1.0,11.0,14.0,15.0,1.0,15.0,6.0,1.0,4.0,14.0,6.0,9.0,7.0,8.0,13.0,9.0,11.0,2.0,13.0,12.0,11.0,6.0,8.0,5.0,13.0,5.0,3.0,8.0,12.0,8.0,6.0,6.0,15.0,4.0,8.0,6.0,15.0,7.0,7.0,2.0,7.0,20.0,24.0,14.0,8.0,8.0,12.0,15.0,14.0,16.0,64.0,112.0,132.0,73.0,176.0,179.0,160.0,94.0,179.0,172.0,109.0,156.0,188.0,140.0,71.0,157.0,138.0,93.0,119.0,144.0,119.0,88.0,140.0,167.0,126.0,98.0,129.0,117.0,81.0,96.0,72.0,95.0,50.0,63.0,75.0,52.0,49.0,47.0,27.0,56.0,31.0,41.0,57.0,73.0,55.0,35.0,58.0,48.0,19.0,78.0,72.0,88.0,101.0,101.0,120.0,92.0,96.0,96.0,66.0,93.0,84.0,60.0,75.0,83.0,64.0,78.0,38.0,13.0,20.0,26.0,59.0,50.0,59.0,68.0,44.0,63.0,71.0,40.0,51.0,64.0,45.0,45.0,62.0,49.0,25.0,28.0,45.0,36.0,35.0,25.0,30.0,16.0,16.0,10.0,14.0,9.0,8.0,9.0,14.0,9.0,10.0,9.0,2.0,16.0,6.0,8.0,2.0,7.0,2.0,7.0,9.0,15.0,15.0,8.0,10.0,15.0,10.0,14.0,13.0,9.0,5.0,7.0,4.0,15.0,3.0,4.0,6.0,4.0,12.0,3.0,4.0,5.0,10.0,11.0,7.0,9.0,11.0,15.0,9.0,12.0
13.0,5.0,10.0,5.0,2.0,4.0,9.0,13.0,10.0,6.0,14.0,8.0,14.0,2.0,9.0,12.0,10.0,5.0,13.0,15.0,13.0,8.0,15.0,12.0,14.0,2.0,17.0,3.0,8.0,2.0,12.0,4.0,0.0,8.0,15.0,8.0,7.0,15.0,13.0,12.0,15.0,11.0,11.0,13.0,13.0,6.0,15.0,0.0,2.0,14.0,7.0,14.0,12.0,2.0,4.0,9.0,32.0,19.0,12.0,11.0,9.0,2.0,14.0,10.0,10.0,15.0,11.0,32.0,66.0,97.0,131.0,129.0,66.0,154.0,159.0,170.0,50.0,169.0,152.0,139.0,54.0,140.0,122.0,131.0,41.0,133.0,148.0,163.0,71.0,150.0,172.0,176.0,65.0,141.0,147.0,89.0,130.0,126.0,70.0,84.0,76.0,75.0,57.0,54.0,54.0,38.0,37.0,87.0,55.0,47.0,41.0,11.0,36.0,27.0,29.0,39.0,62.0,77.0,96.0,51.0,93.0,101.0,81.0,96.0,87.0,57.0,89.0,86.0,62.0,73.0,85.0,57.0,77.0,79.0,41.0,43.0,37.0,33.0,42.0,68.0,85.0,53.0,71.0,86.0,53.0,64.0,82.0,50.0,53.0,82.0,47.0,44.0,44.0,54.0,33.0,38.0,37.0,42.0,28.0,25.0,16.0,12.0,8.0,10.0,18.0,7.0,9.0,10.0,11.0,12.0,13.0,5.0,14.0,15.0,6.0,12.0,8.0,12.0,8.0,13.0,4.0,10.0,2.0,7.0,3.0,12.0,4.0,11.0,2.0,14.0,5.0,6.0,13.0,7.0,13.0,14.0,6.0,7.0,15.0,9.0
8.0,16.0,9.0,14.0,13.0,8.0,10.0,7.0,12.0,11.0,1.0,4.0,2.0,6.0,12.0,1.0,15.0,14.0,8.0,4.0,12.0,2.0,9.0,4.0,10.0,7.0,6.0,15.0,15.0,2.0,12.0,9.0,12.0,14.0,10.0,11.0,7.0,7.0,9.0,15.0,2.0,3.0,9.0,10.0,14.0,11.0,7.0,13.0,12.0,13.0,15.0,13.0,0.0,13.0,7.0,10.0,22.0,8.0,16.0,9.0,5.0,10.0,14.0,14.0,9.0,10.0,29.0,51.0,110.0,149.0,79.0,141.0,187.0,172.0,103.0,195.0,227.0,183.0,142.0,192.0,176.0,133.0,175.0,166.0,117.0,94.0,146.0,159.0,108.0,146.0,158.0,123.0,145.0,128.0,92.0,58.0,56.0,53.0,77.0,62.0,45.0,60.0,80.0,67.0,50.0,32.0,49.0,33.0,15.0,57.0,44.0,51.0,45.0,27.0,38.0,42.0,28.0,22.0,55.0,67.0,74.0,68.0,84.0,97.0,74.0,84.0,94.0,53.0,85.0,82.0,41.0,57.0,77.0,51.0,63.0,76.0,56.0,45.0,20.0,15.0,17.0,44.0,64.0,57.0,71.0,78.0,56.0,62.0,73.0,38.0,57.0,68.0,54.0,54.0,53.0,49.0,35.0,35.0,51.0,44.0,34.0,29.0,22.0,15.0,5.0,14.0,10.0,13.0,7.0,15.0,14.0,12.0,7.0,7.0,11.0,7.0,6.0,12.0,10.0,10.0,15.0,5.0,12.0,8.0,5.0,4.0,15.0,15.0,14.0,5.0,7.0,15.0,8.0,10.0,8.0,0.0,11.0,3.0,8.0,9.0
6.0,12.0,15.0,6.0,9.0,7.0,10.0,7.0,7.0,7.0,15.0,1.0,12.0,11.0,6.0,6.0,12.0,13.0,14.0,8.0,14.0,7.0,5.0,14.0,6.0,15.0,2.0,6.0,9.0,10.0,7.0,9.0,5.0,6.0,13.0,1.0,2.0,2.0,4.0,2.0,2.0,5.0,12.0,13.0,9.0,10.0,13.0,8.0,12.0,12.0,14.0,7.0,7.0,10.0,8.0,1.0,10.0,4.0,20.0,19.0,10.0,14.0,13.0,8.0,15.0,15.0,7.0,8.0,16.0,38.0,68.0,106.0,140.0,135.0,61.0,158.0,199.0,167.0,101.0,179.0,181.0,124.0,158.0,183.0,139.0,97.0,144.0,120.0,91.0,138.0,150.0,129.0,95.0,140.0,141.0,96.0,147.0,114.0,71.0,67.0,43.0,47.0,87.0,69.0,55.0,54.0,75.0,41.0,21.0,64.0,34.0,35.0,30.0,54.0,60.0,44.0,36.0,51.0,24.0,39.0,36.0,53.0,72.0,55.0,79.0,93.0,79.0,89.0,85.0,90.0,64.0,87.0,101.0,54.0,87.0,98.0,56.0,83.0,79.0,26.0,25.0,31.0,39.0,45.0,68.0,72.0,49.0,68.0,83.0,48.0,72.0,82.0,46.0,59.0,76.0,45.0,48.0,57.0,48.0,36.0,33.0,47.0,31.0,43.0,21.0,33.0,18.0,11.0,19.0,12.0,6.0,12.0,4.0,9.0,6.0,8.0,6.0,8.0,7.0,10.0,10.0,5.0,5.0,10.0,1.0,6.0,6.0,6.0,15.0,11.0,12.0,7.0,5.0,12.0,0.0,5.0,7.0,9.0,2.0,4.0
9.0,12.0,15.0,11.0,2.0,15.0,8.0,2.0,9.0,12.0,11.0,4.0,7.0,5.0,2.0,12.0,11.0,5.0,12.0,11.0,15.0,11.0,8.0,8.0,12.0,8.0,0.0,6.0,15.0,14.0,5.0,13.0,11.0,0.0,8.0,6.0,12.0,14.0,10.0,4.0,12.0,6.0,0.0,11.0,9.0,6.0,4.0,8.0,13.0,10.0,3.0,7.0,13.0,0.0,14.0,15.0,14.0,10.0,14.0,4.0,2.0,7.0,6.0,14.0,11.0,2.0,4.0,15.0,5.0,4.0,4.0,12.0,11.0,3.0,15.0,8.0,13.0,6.0,3.0,3.0,13.0,7.0,5.0,40.0,81.0,108.0,155.0,166.0,42.0,166.0,179.0,161.0,89.0,158.0,119.0,81.0,129.0,144.0,125.0,81.0,133.0,149.0,122.0,126.0,143.0,119.0,67.0,111.0,102.0,76.0,88.0,62.0,88.0,88.0,85.0,54.0,72.0,66.0,27.0,55.0,53.0,36.0,64.0,60.0,72.0,56.0,29.0,48.0,44.0,31.0,44.0,76.0,86.0,87.0,106.0,128.0,96.0,119.0,110.0,57.0,109.0,110.0,74.0,93.0,92.0,31.0,30.0,39.0,24.0,53.0,69.0,59.0,76.0,78.0,86.0,59.0,72.0,77.0,44.0,58.0,52.0,31.0,42.0,50.0,21.0,39.0,57.0,30.0,37.0,43.0,41.0,36.0,36.0,43.0,37.0,44.0,11.0,31.0,17.0,10.0,7.0,2.0,6.0,13.0,6.0,4.0,9.0,14.0,8.0,6.0,12.0,6.0,11.0,5.0,9.0,7.0,11.0,2.0,12.0,5.0
12.0,10.0,15.0,5.0,11.0,6.0,6.0,12.0,0.0,14.0,4.0,7.0,14.0,10.0,5.0,3.0,10.0,12.0,2.0,7.0,2.0,7.0,3.0,2.0,14.0,11.0,1.0,5.0,4.0,15.0,3.0,3.0,15.0,0.0,13.0,10.0,9.0,12.0,14.0,2.0,5.0,9.0,15.0,6.0,14.0,2.0,15.0,14.0,8.0,10.0,15.0,9.0,0.0,0.0,14.0,2.0,3.0,9.0,6.0,7.0,14.0,14.0,13.0,14.0,15.0,13.0,12.0,9.0,9.0,5.0,9.0,45.0,80.0,127.0,194.0,154.0,55.0,154.0,176.0,187.0,116.0,148.0,176.0,149.0,80.0,102.0,120.0,106.0,69.0,91.0,149.0,147.0,79.0,140.0,152.0,94.0,129.0,77.0,54.0,78.0,45.0,65.0,37.0,42.0,68.0,42.0,49.0,33.0,35.0,38.0,53.0,44.0,46.0,60.0,53.0,58.0,46.0,27.0,40.0,76.0,80.0,90.0,99.0,119.0,82.0,99.0,93.0,64.0,92.0,107.0,116.0,93.0,101.0,109.0,81.0,65.0,32.0,18.0,37.0,61.0,54.0,66.0,92.0,60.0,87.0,83.0,56.0,82.0,81.0,63.0,65.0,66.0,42.0,49.0,64.0,49.0,53.0,77.0,66.0,29.0,49.0,54.0,30.0,59.0,36.0,49.0,43.0,25.0,18.0,12.0,13.0,6.0,9.0,6.0,8.0,15.0,8.0,14.0,8.0,14.0,12.0,15.0,11.0,6.0,8.0,4.0,6.0,3.0,9.0,12.0,3.0,2.0,11.0,9.0,10.0,9.0,13.0,4.0,3.0,2.0
3.0,0.0,14.0,11.0,14.0,11.0,8.0,12.0,4.0,15.0,7.0,12.0,8.0,5.0,0.0,8.0,14.0,14.0,12.0,5.0,7.0,10.0,11.0,10.0,6.0,6.0,15.0,15.0,4.0,0.0,7.0,1.0,10.0,12.0,10.0,11.0,14.0,12.0,2.0,15.0,10.0,3.0,13.0,11.0,7.0,4.0,11.0,10.0,11.0,5.0,0.0,24.0,19.0,15.0,14.0,10.0,10.0,14.0,13.0,13.0,67.0,98.0,116.0,75.0,147.0,157.0,108.0,130.0,177.0,130.0,84.0,144.0,127.0,83.0,120.0,133.0,103.0,90.0,134.0,127.0,88.0,120.0,131.0,109.0,112.0,110.0,62.0,48.0,52.0,48.0,67.0,46.0,59.0,45.0,32.0,58.0,60.0,49.0,23.0,68.0,53.0,38.0,47.0,46.0,37.0,85.0,93.0,71.0,109.0,104.0,102.0,103.0,83.0,97.0,80.0,90.0,74.0,102.0,97.0,78.0,60.0,29.0,23.0,38.0,77.0,56.0,81.0,92.0,59.0,83.0,78.0,47.0,59.0,67.0,41.0,58.0,69.0,37.0,45.0,46.0,27.0,51.0,36.0,37.0,37.0,12.0,19.0,7.0,13.0,5.0,11.0,4.0,7.0,5.0,7.0,5.0,8.0,6.0,7.0,15.0,12.0,3.0,5.0,10.0,3.0,8.0,10.0,3.0,17.0,10.0,9.0,6.0,0.0,13.0,5.0,15.0,7.0,7.0,1.0,0.0,7.0,0.0,10.0,11.0,13.0,11.0,2.0,12.0,2.0,6.0,11.0,6.0,13.0,11.0,13.0,9.0,7.0,12.0,9.0,8.0
15.0,14.0,15.0,12.0,1.0,2.0,3.0,13.0,9.0,11.0,0.0,8.0,3.0,0.0,2.0,12.0,7.0,13.0,6.0,7.0,8.0,0.0,13.0,6.0,4.0,6.0,10.0,9.0,15.0,1.0,7.0,2.0,7.0,13.0,3.0,2.0,4.0,4.0,13.0,13.0,4.0,11.0,11.0,14.0,15.0,2.0,12.0,10.0,10.0,6.0,0.0,11.0,10.0,2.0,2.0,14.0,14.0,4.0,11.0,11.0,10.0,5.0,2.0,17.0,5.0,7.0,7.0,13.0,14.0,6.0,11.0,27.0,14.0,41.0,116.0,129.0,53.0,153.0,163.0,154.0,159.0,68.0,157.0,176.0,113.0,93.0,128.0,99.0,78.0,103.0,136.0,136.0,80.0,137.0,150.0,103.0,116.0,125.0,80.0,79.0,80.0,61.0,63.0,79.0,54.0,78.0,32.0,55.0,63.0,42.0,46.0,45.0,56.0,54.0,16.0,51.0,48.0,56.0,23.0,79.0,107.0,85.0,120.0,108.0,67.0,87.0,84.0,60.0,92.0,88.0,72.0,91.0,96.0,75.0,50.0,20.0,19.0,54.0,37.0,67.0,81.0,47.0,56.0,59.0,37.0,43.0,52.0,39.0,47.0,44.0,27.0,24.0,37.0,29.0,21.0,34.0,34.0,18.0,21.0,15.0,8.0,2.0,14.0,5.0,2.0,6.0,10.0,13.0,5.0,9.0,10.0,14.0,7.0,8.0,10.0,12.0,6.0,5.0,10.0,5.0,0.0,12.0,7.0,13.0,9.0,13.0,6.0,14.0,15.0,7.0,3.0,8.0,15.0,10.0,10.0,1.0,7.0,1.0,11.0,7.0
8.0,11.0,5.0,12.0,11.0,2.0,9.0,1.0,12.0,10.0,0.0,6.0,10.0,10.0,14.0,10.0,5.0,2.0,13.0,12.0,5.0,4.0,5.0,4.0,13.0,9.0,15.0,0.0,15.0,13.0,15.0,8.0,11.0,9.0,8.0,6.0,11.0,14.0,3.0,12.0,10.0,5.0,6.0,1.0,2.0,4.0,1.0,12.0,7.0,13.0,11.0,22.0,8.0,12.0,5.0,8.0,6.0,5.0,12.0,10.0,10.0,17.0,62.0,138.0,79.0,169.0,197.0,171.0,106.0,209.0,209.0,127.0,185.0,207.0,145.0,85.0,149.0,124.0,90.0,125.0,141.0,128.0,80.0,146.0,145.0,87.0,132.0,134.0,114.0,123.0,113.0,64.0,80.0,99.0,83.0,110.0,43.0,51.0,50.0,34.0,58.0,43.0,40.0,35.0,24.0,19.0,38.0,13.0,46.0,58.0,84.0,81.0,94.0,111.0,103.0,105.0,102.0,75.0,86.0,87.0,90.0,90.0,98.0,85.0,75.0,28.0,19.0,37.0,30.0,49.0,71.0,58.0,67.0,73.0,48.0,53.0,60.0,46.0,56.0,54.0,35.0,39.0,41.0,34.0,37.0,34.0,30.0,21.0,24.0,21.0,12.0,6.0,4.0,4.0,15.0,5.0,7.0,8.0,8.0,4.0,14.0,4.0,15.0,4.0,15.0,15.0,8.0,13.0,13.0,13.0,7.0,12.0,12.0,13.0,10.0,4.0,9.0,12.0,8.0,2.0,9.0,11.0,12.0,17.0,13.0,3.0,15.0,5.0,3.0,11.0,4.0,10.0,8.0,12.0,4.0,15.0,7.0,4.0,13.0,6.0
13.0,7.0,11.0,15.0,11.0,15.0,9.0,8.0,2.0,8.0,12.0,1.0,9.0,10.0,14.0,15.0,11.0,14.0,13.0,8.0,2.0,6.0,11.0,0.0,6.0,15.0,1.0,2.0,10.0,3.0,10.0,12.0,15.0,0.0,15.0,13.0,12.0,7.0,15.0,5.0,7.0,11.0,10.0,4.0,12.0,6.0,6.0,0.0,9.0,2.0,11.0,3.0,6.0,15.0,13.0,9.0,31.0,17.0,12.0,8.0,10.0,7.0,15.0,12.0,4.0,7.0,14.0,31.0,50.0,102.0,135.0,135.0,62.0,147.0,188.0,116.0,169.0,206.0,128.0,119.0,145.0,107.0,88.0,116.0,102.0,77.0,123.0,159.0,116.0,141.0,132.0,108.0,81.0,74.0,59.0,62.0,62.0,54.0,77.0,71.0,51.0,50.0,43.0,44.0,42.0,13.0,58.0,42.0,48.0,43.0,4.0,40.0,39.0,52.0,53.0,68.0,88.0,78.0,92.0,101.0,64.0,77.0,83.0,53.0,62.0,73.0,55.0,71.0,71.0,56.0,69.0,37.0,21.0,22.0,30.0,41.0,26.0,54.0,60.0,34.0,52.0,52.0,41.0,41.0,53.0,49.0,25.0,46.0,47.0,30.0,39.0,26.0,35.0,28.0,13.0,21.0,11.0,17.0,8.0,7.0,9.0,8.0,8.0,12.0,12.0,5.0,9.0,8.0,13.0,9.0,15.0,10.0,14.0,9.0,7.0,14.0,14.0,17.0,9.0,12.0,11.0,9.0,0.0,9.0,10.0,4.0,10.0,11.0,11.0,3.0,8.0,9.0,2.0,11.0,14.0,12.0,8.0,15.0,0.0,6.0
14.0,6.0,12.0,8.0,7.0,13.0,2.0,12.0,14.0,1.0,8.0,4.0,9.0,12.0,2.0,5.0,6.0,0.0,13.0,14.0,0.0,15.0,9.0,3.0,15.0,13.0,3.0,11.0,7.0,0.0,3.0,13.0,14.0,10.0,13.0,13.0,11.0,7.0,0.0,1.0,13.0,7.0,13.0,1.0,11.0,14.0,0.0,12.0,1.0,2.0,4.0,21.0,6.0,13.0,11.0,0.0,8.0,5.0,14.0,11.0,19.0,54.0,68.0,103.0,134.0,126.0,43.0,145.0,142.0,145.0,36.0,135.0,114.0,111.0,55.0,111.0,111.0,98.0,97.0,136.0,134.0,78.0,137.0,150.0,129.0,91.0,116.0,100.0,57.0,74.0,88.0,57.0,63.0,51.0,48.0,57.0,42.0,37.0,36.0,29.0,49.0,37.0,29.0,47.0,30.0,36.0,35.0,38.0,70.0,91.0,68.0,86.0,101.0,85.0,83.0,88.0,80.0,66.0,76.0,91.0,57.0,80.0,93.0,60.0,46.0,16.0,14.0,23.0,24.0,50.0,49.0,46.0,69.0,69.0,39.0,63.0,67.0,42.0,52.0,55.0,26.0,50.0,52.0,45.0,27.0,19.0,32.0,18.0,11.0,12.0,10.0,3.0,7.0,10.0,15.0,9.0,14.0,11.0,9.0,3.0,4.0,12.0,4.0,4.0,10.0,12.0,13.0,12.0,10.0,15.0,7.0,4.0,0.0,9.0,5.0,0.0,4.0,11.0,5.0,8.0,4.0,10.0,14.0,14.0,10.0,13.0,5.0,13.0,16.0,7.0,0.0,15.0,12.0,15.0,6.0,9.0,2.0,7.0,7.0,4.0
13.0,15.0,1.0,6.0,2.0,13.0,9.0,6.0,15.0,9.0,14.0,14.0,12.0,5.0,2.0,14.0,6.0,0.0,0.0,10.0,14.0,5.0,0.0,1.0,15.0,12.0,7.0,7.0,2.0,7.0,9.0,0.0,8.0,1.0,11.0,14.0,9.0,15.0,9.0,10.0,2.0,7.0,10.0,12.0,6.0,15.0,15.0,2.0,12.0,17.0,14.0,8.0,6.0,2.0,13.0,13.0,7.0,13.0,4.0,20.0,61.0,61.0,99.0,117.0,136.0,59.0,151.0,185.0,153.0,99.0,175.0,173.0,120.0,154.0,162.0,112.0,97.0,134.0,108.0,92.0,144.0,163.0,128.0,155.0,149.0,102.0,80.0,44.0,40.0,82.0,59.0,57.0,47.0,46.0,59.0,31.0,54.0,47.0,27.0,36.0,25.0,36.0,10.0,44.0,31.0,28.0,43.0,32.0,24.0,42.0,49.0,63.0,64.0,55.0,80.0,69.0,83.0,78.0,59.0,63.0,67.0,49.0,64.0,68.0,50.0,73.0,72.0,34.0,32.0,37.0,17.0,51.0,76.0,50.0,52.0,66.0,57.0,43.0,70.0,61.0,44.0,57.0,53.0,23.0,39.0,46.0,18.0,43.0,34.0,19.0,35.0,12.0,19.0,13.0,6.0,5.0,7.0,4.0,6.0,14.0,4.0,8.0,15.0,12.0,12.0,13.0,4.0,13.0,7.0,15.0,4.0,12.0,11.0,8.0,9.0,13.0,12.0,7.0,10.0,1.0,15.0,2.0,6.0,15.0,12.0,15.0,8.0,11.0,12.0,8.0,13.0,9.0,2.0,14.0,4.0,3.0,4.0,10.0,14.0,7.0
