8.0,11.0,15.0,1.0,4.0,13.0,14.0,13.0,14.0,14.0,10.0,11.0,11.0,9.0,4.0,9.0,10.0,9.0,6.0,5.0,2.0,0.0,14.0,7.0,5.0,12.0,10.0,8.0,9.0,2.0,1.0,5.0,3.0,6.0,7.0,5.0,2.0,11.0,12.0,10.0,5.0,5.0,4.0,7.0,7.0,5.0,10.0,10.0,6.0,3.0,5.0,3.0,2.0,10.0,7.0,12.0,24.0,54.0,45.0,85.0,66.0,88.0,118.0,120.0,140.0,197.0,184.0,195.0,171.0,126.0,171.0,122.0,124.0,141.0,166.0,119.0,124.0,154.0,114.0,142.0,169.0,90.0,126.0,123.0,71.0,67.0,40.0,31.0,34.0,38.0,16.0,21.0,27.0,25.0,19.0,25.0,19.0,14.0,16.0,17.0,24.0,28.0,16.0,37.0,87.0,56.0,90.0,68.0,109.0,113.0,62.0,120.0,84.0,59.0,76.0,33.0,29.0,42.0,26.0,30.0,26.0,32.0,23.0,17.0,18.0,21.0,12.0,14.0,14.0,20.0,17.0,14.0,15.0,12.0,6.0,14.0,6.0,11.0,15.0,13.0,15.0,13.0,11.0,13.0,10.0,4.0,10.0,9.0,13.0,13.0,2.0,14.0,9.0,13.0,15.0,4.0,4.0,15.0,5.0,4.0,6.0,8.0,10.0,7.0,12.0,14.0,15.0,6.0,8.0,11.0,13.0,2.0,9.0,8.0,9.0,14.0,12.0,13.0,13.0,15.0,22.0,6.0,11.0,12.0,22.0,31.0,18.0,12.0,17.0,14.0,25.0,22.0,15.0,9.0,11.0,14.0,3.0,9.0,0.0,12.0
11.0,11.0,8.0,3.0,5.0,6.0,8.0,15.0,14.0,12.0,13.0,13.0,8.0,14.0,8.0,4.0,5.0,3.0,6.0,9.0,8.0,6.0,3.0,10.0,14.0,5.0,14.0,14.0,10.0,14.0,6.0,1.0,13.0,5.0,10.0,12.0,11.0,5.0,4.0,3.0,4.0,10.0,10.0,2.0,13.0,6.0,8.0,16.0,14.0,37.0,40.0,48.0,27.0,60.0,70.0,47.0,74.0,105.0,79.0,135.0,159.0,166.0,219.0,238.0,146.0,236.0,233.0,192.0,211.0,240.0,222.0,242.0,220.0,209.0,164.0,200.0,183.0,195.0,99.0,125.0,87.0,56.0,62.0,37.0,38.0,34.0,27.0,28.0,28.0,21.0,26.0,23.0,24.0,14.0,19.0,29.0,16.0,26.0,50.0,50.0,89.0,45.0,105.0,102.0,54.0,102.0,72.0,63.0,80.0,29.0,47.0,31.0,25.0,37.0,21.0,30.0,27.0,15.0,10.0,16.0,11.0,16.0,15.0,8.0,13.0,14.0,8.0,9.0,7.0,7.0,10.0,13.0,17.0,4.0,15.0,6.0,11.0,6.0,8.0,12.0,14.0,14.0,5.0,17.0,6.0,9.0,8.0,16.0,6.0,9.0,7.0,6.0,9.0,7.0,7.0,9.0,15.0,11.0,12.0,5.0,6.0,3.0,4.0,4.0,2.0,3.0,10.0,13.0,12.0,9.0,6.0,3.0,11.0,7.0,13.0,11.0,10.0,3.0,15.0,6.0,6.0,9.0,11.0,8.0,15.0,7.0,7.0,3.0,5.0,12.0,11.0,10.0,15.0,9.0,5.0,11.0,15.0,13.0,7.0,3.0
10.0,3.0,7.0,4.0,13.0,4.0,5.0,13.0,7.0,11.0,7.0,0.0,6.0,11.0,0.0,2.0,5.0,7.0,7.0,6.0,10.0,9.0,14.0,10.0,10.0,5.0,0.0,14.0,9.0,15.0,2.0,1.0,4.0,13.0,4.0,13.0,1.0,9.0,2.0,11.0,3.0,0.0,11.0,14.0,13.0,11.0,12.0,15.0,13.0,8.0,15.0,13.0,11.0,7.0,2.0,8.0,16.0,21.0,16.0,51.0,54.0,62.0,75.0,88.0,87.0,108.0,128.0,120.0,175.0,216.0,171.0,189.0,164.0,153.0,150.0,159.0,118.0,182.0,207.0,138.0,164.0,155.0,115.0,170.0,159.0,124.0,143.0,132.0,111.0,73.0,47.0,32.0,31.0,32.0,24.0,28.0,29.0,18.0,17.0,20.0,13.0,11.0,10.0,10.0,10.0,23.0,22.0,31.0,17.0,43.0,92.0,64.0,102.0,42.0,87.0,95.0,69.0,87.0,51.0,83.0,74.0,28.0,31.0,9.0,29.0,15.0,29.0,17.0,20.0,14.0,10.0,18.0,9.0,11.0,11.0,3.0,11.0,10.0,5.0,10.0,7.0,14.0,12.0,6.0,12.0,5.0,8.0,9.0,7.0,11.0,14.0,7.0,8.0,7.0,9.0,5.0,12.0,6.0,9.0,3.0,6.0,7.0,8.0,10.0,5.0,10.0,7.0,1.0,2.0,1.0,15.0,15.0,8.0,12.0,13.0,8.0,11.0,14.0,8.0,9.0,5.0,3.0,8.0,9.0,3.0,6.0,5.0,4.0,10.0,12.0,17.0,6.0,12.0,7.0,15.0,10.0,6.0,12.0,10.0,5.0
7.0,4.0,3.0,13.0,11.0,11.0,13.0,5.0,9.0,7.0,9.0,8.0,4.0,12.0,1.0,4.0,8.0,5.0,2.0,9.0,8.0,8.0,6.0,14.0,5.0,13.0,9.0,15.0,12.0,11.0,12.0,15.0,4.0,14.0,4.0,3.0,13.0,15.0,3.0,11.0,3.0,11.0,15.0,7.0,14.0,6.0,9.0,2.0,11.0,7.0,7.0,8.0,4.0,13.0,12.0,10.0,10.0,11.0,13.0,5.0,6.0,9.0,10.0,14.0,6.0,10.0,12.0,14.0,39.0,76.0,59.0,84.0,105.0,93.0,135.0,168.0,160.0,159.0,147.0,132.0,154.0,136.0,163.0,143.0,117.0,155.0,150.0,127.0,178.0,150.0,132.0,147.0,124.0,78.0,80.0,43.0,37.0,17.0,28.0,18.0,15.0,19.0,18.0,22.0,16.0,17.0,14.0,13.0,13.0,23.0,15.0,22.0,16.0,24.0,34.0,99.0,87.0,64.0,87.0,38.0,82.0,80.0,51.0,77.0,33.0,60.0,32.0,31.0,28.0,22.0,29.0,7.0,19.0,16.0,15.0,12.0,12.0,12.0,14.0,8.0,12.0,10.0,9.0,15.0,5.0,4.0,8.0,19.0,8.0,6.0,6.0,6.0,12.0,13.0,2.0,13.0,6.0,14.0,14.0,10.0,14.0,14.0,13.0,6.0,8.0,7.0,6.0,5.0,7.0,3.0,11.0,15.0,3.0,3.0,6.0,9.0,12.0,14.0,6.0,8.0,1.0,12.0,5.0,5.0,9.0,15.0,11.0,4.0,10.0,0.0,6.0,13.0,12.0,6.0,8.0,4.0,10.0,14.0,9.0,5.0
7.0,7.0,12.0,6.0,2.0,12.0,9.0,9.0,11.0,7.0,11.0,4.0,3.0,15.0,0.0,9.0,13.0,9.0,3.0,8.0,14.0,10.0,12.0,6.0,9.0,9.0,6.0,4.0,4.0,5.0,15.0,5.0,2.0,7.0,6.0,7.0,10.0,6.0,14.0,2.0,1.0,15.0,13.0,7.0,15.0,5.0,4.0,9.0,3.0,6.0,4.0,15.0,12.0,1.0,9.0,4.0,14.0,12.0,15.0,8.0,4.0,8.0,8.0,6.0,13.0,9.0,9.0,6.0,10.0,8.0,11.0,11.0,13.0,17.0,76.0,85.0,97.0,149.0,114.0,111.0,147.0,107.0,139.0,146.0,127.0,134.0,116.0,148.0,142.0,94.0,140.0,108.0,61.0,144.0,128.0,103.0,101.0,72.0,36.0,20.0,20.0,19.0,14.0,19.0,6.0,13.0,15.0,10.0,17.0,15.0,16.0,14.0,11.0,10.0,25.0,18.0,25.0,10.0,51.0,111.0,75.0,108.0,57.0,114.0,111.0,76.0,78.0,37.0,62.0,37.0,48.0,45.0,24.0,36.0,25.0,28.0,19.0,18.0,8.0,18.0,6.0,5.0,11.0,7.0,12.0,6.0,11.0,14.0,15.0,11.0,11.0,9.0,4.0,9.0,11.0,5.0,7.0,14.0,5.0,9.0,12.0,14.0,13.0,15.0,6.0,13.0,11.0,12.0,10.0,6.0,2.0,5.0,12.0,11.0,5.0,9.0,3.0,13.0,10.0,9.0,3.0,4.0,4.0,5.0,15.0,2.0,12.0,4.0,12.0,1.0,7.0,14.0,2.0,4.0,9.0,6.0,0.0,14.0,11.0,12.0
11.0,8.0,13.0,11.0,14.0,12.0,7.0,1.0,14.0,14.0,8.0,8.0,10.0,13.0,6.0,14.0,11.0,0.0,1.0,11.0,10.0,13.0,8.0,12.0,9.0,5.0,4.0,7.0,9.0,5.0,5.0,12.0,8.0,15.0,11.0,15.0,13.0,11.0,15.0,1.0,15.0,7.0,4.0,3.0,9.0,15.0,12.0,3.0,5.0,5.0,7.0,7.0,12.0,10.0,15.0,5.0,6.0,14.0,7.0,0.0,14.0,10.0,16.0,34.0,75.0,54.0,85.0,112.0,86.0,127.0,138.0,136.0,167.0,148.0,112.0,159.0,137.0,117.0,146.0,80.0,171.0,152.0,80.0,164.0,157.0,90.0,144.0,163.0,76.0,112.0,84.0,33.0,29.0,22.0,16.0,18.0,22.0,18.0,16.0,19.0,16.0,15.0,10.0,10.0,15.0,14.0,28.0,12.0,20.0,16.0,16.0,93.0,73.0,105.0,120.0,99.0,127.0,107.0,157.0,154.0,122.0,127.0,40.0,40.0,35.0,39.0,46.0,29.0,27.0,25.0,22.0,21.0,21.0,18.0,16.0,16.0,12.0,13.0,8.0,6.0,3.0,9.0,6.0,8.0,13.0,15.0,4.0,15.0,14.0,2.0,12.0,13.0,11.0,9.0,10.0,11.0,6.0,5.0,7.0,12.0,8.0,11.0,8.0,12.0,8.0,6.0,5.0,12.0,13.0,10.0,13.0,2.0,3.0,7.0,3.0,13.0,14.0,3.0,12.0,10.0,15.0,6.0,11.0,2.0,4.0,3.0,4.0,6.0,13.0,9.0,8.0,6.0,4.0,5.0,9.0,12.0,6.0,11.0,8.0,6.0
7.0,12.0,11.0,11.0,2.0,10.0,14.0,0.0,11.0,9.0,9.0,0.0,6.0,13.0,10.0,3.0,9.0,6.0,8.0,9.0,8.0,14.0,3.0,2.0,8.0,10.0,15.0,11.0,0.0,15.0,6.0,5.0,12.0,10.0,11.0,4.0,5.0,10.0,10.0,2.0,11.0,15.0,5.0,10.0,15.0,2.0,11.0,10.0,13.0,0.0,1.0,2.0,10.0,0.0,6.0,12.0,14.0,13.0,12.0,5.0,12.0,6.0,15.0,11.0,12.0,6.0,11.0,25.0,43.0,34.0,60.0,65.0,79.0,106.0,106.0,123.0,125.0,119.0,170.0,194.0,199.0,148.0,117.0,186.0,164.0,94.0,177.0,144.0,129.0,158.0,102.0,164.0,115.0,69.0,171.0,111.0,73.0,112.0,80.0,129.0,85.0,50.0,29.0,15.0,23.0,26.0,21.0,22.0,23.0,16.0,22.0,13.0,12.0,14.0,12.0,12.0,5.0,15.0,14.0,18.0,9.0,46.0,85.0,57.0,97.0,89.0,76.0,82.0,45.0,93.0,99.0,69.0,83.0,35.0,68.0,48.0,27.0,49.0,11.0,33.0,7.0,26.0,15.0,17.0,14.0,19.0,15.0,5.0,13.0,15.0,10.0,15.0,6.0,8.0,7.0,13.0,9.0,4.0,15.0,2.0,3.0,11.0,8.0,5.0,15.0,8.0,7.0,15.0,6.0,2.0,6.0,2.0,5.0,15.0,9.0,9.0,6.0,13.0,6.0,5.0,14.0,2.0,13.0,8.0,4.0,9.0,3.0,2.0,12.0,6.0,0.0,2.0,10.0,11.0,14.0,9.0,8.0,12.0,8.0,11.0
12.0,12.0,9.0,11.0,7.0,10.0,11.0,6.0,7.0,9.0,11.0,6.0,11.0,13.0,7.0,4.0,9.0,5.0,1.0,14.0,10.0,8.0,6.0,12.0,14.0,8.0,14.0,5.0,13.0,7.0,13.0,12.0,15.0,18.0,11.0,13.0,14.0,8.0,2.0,15.0,4.0,8.0,10.0,9.0,4.0,10.0,10.0,1.0,5.0,6.0,14.0,14.0,12.0,4.0,4.0,6.0,25.0,25.0,55.0,70.0,45.0,60.0,59.0,96.0,122.0,115.0,153.0,149.0,174.0,175.0,155.0,156.0,153.0,132.0,149.0,159.0,138.0,165.0,154.0,117.0,188.0,172.0,129.0,197.0,180.0,110.0,156.0,149.0,91.0,81.0,77.0,41.0,19.0,21.0,25.0,19.0,16.0,17.0,19.0,18.0,11.0,10.0,5.0,12.0,11.0,8.0,27.0,19.0,41.0,35.0,116.0,104.0,84.0,113.0,63.0,126.0,115.0,85.0,111.0,41.0,82.0,62.0,59.0,50.0,26.0,38.0,28.0,27.0,23.0,25.0,9.0,12.0,11.0,17.0,14.0,13.0,12.0,9.0,8.0,14.0,9.0,10.0,16.0,12.0,4.0,15.0,4.0,11.0,9.0,11.0,13.0,15.0,11.0,8.0,3.0,11.0,9.0,3.0,4.0,14.0,3.0,4.0,11.0,7.0,2.0,9.0,1.0,3.0,14.0,3.0,15.0,13.0,2.0,3.0,8.0,2.0,13.0,15.0,7.0,8.0,10.0,4.0,11.0,3.0,6.0,11.0,11.0,15.0,14.0,15.0,7.0,14.0,7.0,8.0,6.0,12.0,14.0,10.0,1.0,11.0
6.0,5.0,3.0,3.0,15.0,5.0,13.0,13.0,1.0,9.0,5.0,11.0,4.0,12.0,15.0,5.0,9.0,6.0,7.0,8.0,2.0,8.0,1.0,15.0,11.0,7.0,11.0,7.0,11.0,5.0,5.0,9.0,3.0,10.0,8.0,9.0,3.0,11.0,8.0,7.0,2.0,10.0,14.0,9.0,9.0,4.0,5.0,9.0,3.0,3.0,4.0,5.0,17.0,51.0,35.0,96.0,115.0,74.0,128.0,130.0,111.0,123.0,126.0,85.0,133.0,149.0,94.0,136.0,139.0,97.0,137.0,115.0,117.0,139.0,122.0,104.0,132.0,91.0,65.0,38.0,16.0,17.0,23.0,23.0,12.0,18.0,17.0,18.0,10.0,15.0,14.0,19.0,10.0,21.0,14.0,20.0,13.0,16.0,15.0,56.0,83.0,86.0,56.0,80.0,60.0,93.0,90.0,62.0,81.0,34.0,62.0,47.0,24.0,30.0,22.0,38.0,20.0,20.0,16.0,16.0,10.0,15.0,8.0,7.0,10.0,5.0,14.0,12.0,13.0,7.0,12.0,8.0,3.0,11.0,12.0,14.0,9.0,7.0,1.0,12.0,15.0,14.0,12.0,6.0,14.0,9.0,5.0,14.0,8.0,14.0,14.0,0.0,2.0,3.0,12.0,1.0,8.0,11.0,3.0,8.0,13.0,11.0,3.0,14.0,13.0,1.0,10.0,0.0,3.0,12.0,7.0,3.0,14.0,10.0,10.0,6.0,12.0,7.0,8.0,13.0,9.0,13.0,4.0,7.0,10.0,11.0,8.0,6.0,2.0,1.0,12.0,5.0,6.0,13.0,1.0,7.0,14.0,9.0,9.0,11.0
11.0,8.0,1.0,9.0,11.0,2.0,12.0,8.0,0.0,13.0,2.0,13.0,13.0,15.0,4.0,12.0,13.0,13.0,1.0,14.0,11.0,10.0,2.0,9.0,8.0,9.0,15.0,1.0,13.0,11.0,13.0,12.0,10.0,12.0,8.0,11.0,11.0,12.0,10.0,7.0,4.0,14.0,9.0,7.0,5.0,12.0,12.0,1.0,9.0,12.0,20.0,20.0,51.0,42.0,58.0,89.0,66.0,111.0,130.0,116.0,154.0,166.0,166.0,168.0,199.0,156.0,208.0,199.0,165.0,183.0,162.0,149.0,189.0,151.0,137.0,189.0,167.0,86.0,147.0,107.0,71.0,46.0,25.0,23.0,23.0,23.0,24.0,13.0,19.0,16.0,10.0,17.0,11.0,8.0,10.0,20.0,19.0,17.0,21.0,18.0,13.0,45.0,51.0,83.0,51.0,91.0,71.0,67.0,82.0,35.0,58.0,45.0,53.0,36.0,19.0,34.0,16.0,22.0,19.0,16.0,11.0,9.0,9.0,15.0,13.0,9.0,15.0,5.0,4.0,5.0,4.0,14.0,13.0,5.0,13.0,12.0,9.0,12.0,11.0,7.0,10.0,11.0,13.0,6.0,2.0,12.0,1.0,15.0,6.0,8.0,8.0,3.0,13.0,11.0,10.0,9.0,10.0,7.0,12.0,19.0,19.0,10.0,12.0,17.0,24.0,10.0,30.0,20.0,15.0,14.0,11.0,3.0,10.0,6.0,11.0,10.0,11.0,7.0,4.0,10.0,10.0,5.0,5.0,14.0,12.0,11.0,7.0,15.0,11.0,8.0,4.0,3.0,11.0,6.0,3.0,4.0,7.0,7.0,6.0,11.0
15.0,5.0,14.0,13.0,4.0,15.0,14.0,15.0,10.0,5.0,12.0,9.0,2.0,5.0,12.0,3.0,17.0,14.0,28.0,30.0,25.0,37.0,20.0,38.0,28.0,18.0,34.0,33.0,30.0,34.0,36.0,38.0,20.0,38.0,51.0,34.0,49.0,68.0,52.0,77.0,101.0,81.0,105.0,122.0,92.0,162.0,142.0,124.0,149.0,142.0,160.0,170.0,128.0,192.0,187.0,145.0,174.0,189.0,127.0,123.0,99.0,53.0,40.0,26.0,27.0,21.0,22.0,22.0,15.0,16.0,19.0,14.0,12.0,12.0,11.0,11.0,8.0,20.0,14.0,20.0,9.0,16.0,85.0,64.0,119.0,84.0,147.0,103.0,110.0,108.0,60.0,87.0,44.0,51.0,37.0,36.0,44.0,23.0,20.0,17.0,24.0,15.0,13.0,10.0,8.0,11.0,10.0,10.0,10.0,11.0,9.0,12.0,6.0,7.0,15.0,11.0,9.0,7.0,0.0,7.0,8.0,11.0,4.0,13.0,7.0,13.0,14.0,7.0,10.0,14.0,6.0,6.0,3.0,6.0,9.0,13.0,7.0,10.0,14.0,14.0,8.0,9.0,8.0,6.0,11.0,2.0,8.0,3.0,4.0,9.0,9.0,6.0,8.0,8.0,14.0,12.0,8.0,12.0,11.0,7.0,15.0,5.0,0.0,5.0,5.0,5.0,1.0,7.0,13.0,7.0,9.0,13.0,14.0,7.0,15.0,8.0,7.0,3.0,2.0,8.0,10.0,14.0,7.0,15.0,7.0,9.0,12.0,6.0,4.0,8.0,9.0,5.0,9.0,7.0,12.0,10.0,4.0,9.0,4.0,7.0
4.0,11.0,7.0,15.0,11.0,15.0,5.0,2.0,9.0,6.0,7.0,14.0,7.0,10.0,3.0,0.0,9.0,14.0,14.0,4.0,4.0,14.0,9.0,10.0,0.0,7.0,9.0,9.0,13.0,12.0,15.0,13.0,13.0,2.0,4.0,9.0,3.0,10.0,0.0,14.0,6.0,10.0,15.0,1.0,1.0,0.0,9.0,2.0,10.0,3.0,19.0,42.0,72.0,41.0,45.0,60.0,50.0,89.0,60.0,112.0,116.0,143.0,174.0,206.0,248.0,204.0,126.0,237.0,205.0,126.0,208.0,161.0,160.0,177.0,153.0,174.0,160.0,139.0,184.0,182.0,108.0,169.0,125.0,93.0,107.0,42.0,55.0,30.0,27.0,23.0,23.0,23.0,19.0,17.0,15.0,24.0,16.0,16.0,19.0,10.0,13.0,20.0,11.0,22.0,21.0,14.0,24.0,65.0,91.0,68.0,104.0,64.0,102.0,59.0,77.0,90.0,38.0,48.0,26.0,30.0,15.0,36.0,13.0,9.0,14.0,12.0,14.0,4.0,7.0,6.0,9.0,13.0,14.0,4.0,2.0,6.0,12.0,7.0,10.0,7.0,12.0,10.0,15.0,9.0,5.0,15.0,11.0,14.0,15.0,2.0,11.0,7.0,15.0,5.0,15.0,13.0,15.0,10.0,10.0,11.0,6.0,5.0,13.0,9.0,6.0,9.0,12.0,4.0,2.0,6.0,7.0,4.0,9.0,2.0,12.0,1.0,12.0,0.0,5.0,1.0,6.0,12.0,13.0,10.0,0.0,3.0,3.0,8.0,11.0,7.0,9.0,2.0,14.0,6.0,9.0,15.0,3.0,15.0,0.0,14.0
3.0,5.0,7.0,11.0,10.0,5.0,14.0,9.0,9.0,6.0,6.0,6.0,4.0,4.0,11.0,9.0,13.0,13.0,10.0,11.0,6.0,11.0,13.0,12.0,8.0,2.0,11.0,1.0,2.0,9.0,12.0,3.0,4.0,7.0,8.0,13.0,3.0,12.0,7.0,0.0,10.0,11.0,8.0,11.0,2.0,11.0,7.0,2.0,13.0,9.0,4.0,10.0,4.0,1.0,10.0,14.0,2.0,7.0,15.0,10.0,1.0,11.0,3.0,14.0,12.0,15.0,6.0,11.0,9.0,3.0,15.0,7.0,13.0,7.0,14.0,15.0,5.0,14.0,6.0,3.0,11.0,7.0,8.0,11.0,47.0,59.0,86.0,112.0,75.0,120.0,115.0,174.0,126.0,103.0,170.0,148.0,71.0,150.0,137.0,97.0,137.0,142.0,97.0,147.0,134.0,95.0,147.0,107.0,112.0,126.0,71.0,90.0,49.0,22.0,27.0,13.0,18.0,21.0,16.0,9.0,9.0,17.0,10.0,12.0,14.0,13.0,13.0,15.0,20.0,18.0,19.0,11.0,6.0,30.0,92.0,78.0,107.0,69.0,118.0,95.0,96.0,95.0,52.0,67.0,38.0,33.0,25.0,36.0,28.0,14.0,19.0,21.0,16.0,8.0,13.0,6.0,11.0,6.0,7.0,2.0,9.0,9.0,12.0,4.0,7.0,10.0,10.0,13.0,4.0,5.0,7.0,5.0,11.0,8.0,4.0,13.0,2.0,15.0,9.0,8.0,14.0,13.0,2.0,6.0,6.0,15.0,1.0,4.0,11.0,15.0,13.0,11.0,10.0,2.0,15.0,4.0,8.0,14.0,2.0,0.0
11.0,13.0,4.0,8.0,12.0,15.0,9.0,9.0,0.0,5.0,14.0,13.0,5.0,1.0,8.0,11.0,10.0,11.0,10.0,3.0,9.0,13.0,7.0,13.0,14.0,15.0,9.0,13.0,9.0,0.0,7.0,13.0,13.0,9.0,1.0,13.0,3.0,8.0,11.0,13.0,7.0,1.0,13.0,15.0,9.0,11.0,10.0,14.0,12.0,4.0,0.0,7.0,12.0,12.0,13.0,13.0,12.0,6.0,2.0,3.0,0.0,1.0,14.0,13.0,10.0,0.0,3.0,11.0,6.0,1.0,16.0,3.0,13.0,4.0,6.0,8.0,15.0,20.0,36.0,96.0,96.0,92.0,112.0,107.0,124.0,125.0,101.0,101.0,66.0,104.0,106.0,81.0,92.0,103.0,83.0,96.0,59.0,104.0,97.0,85.0,88.0,61.0,82.0,64.0,30.0,29.0,16.0,18.0,21.0,14.0,27.0,20.0,8.0,12.0,15.0,8.0,14.0,8.0,15.0,13.0,16.0,14.0,8.0,12.0,34.0,62.0,30.0,69.0,64.0,49.0,77.0,32.0,53.0,25.0,35.0,21.0,28.0,31.0,10.0,26.0,9.0,19.0,13.0,11.0,7.0,5.0,14.0,14.0,2.0,2.0,10.0,12.0,11.0,1.0,12.0,12.0,6.0,2.0,14.0,6.0,15.0,6.0,4.0,8.0,3.0,1.0,13.0,13.0,14.0,13.0,3.0,11.0,13.0,14.0,8.0,12.0,10.0,10.0,5.0,11.0,11.0,10.0,2.0,8.0,4.0,12.0,5.0,15.0,12.0,5.0,15.0,3.0,15.0,5.0,10.0,2.0,12.0,11.0,10.0,12.0
11.0,4.0,11.0,12.0,13.0,15.0,11.0,7.0,2.0,8.0,11.0,8.0,12.0,2.0,15.0,9.0,9.0,10.0,14.0,8.0,10.0,2.0,9.0,3.0,14.0,15.0,7.0,9.0,5.0,0.0,4.0,7.0,7.0,8.0,8.0,9.0,4.0,1.0,17.0,11.0,13.0,14.0,6.0,11.0,5.0,2.0,4.0,14.0,1.0,11.0,19.0,37.0,72.0,40.0,64.0,92.0,60.0,95.0,121.0,92.0,123.0,153.0,164.0,186.0,160.0,132.0,164.0,143.0,117.0,147.0,126.0,147.0,140.0,114.0,151.0,172.0,103.0,143.0,163.0,79.0,133.0,90.0,46.0,20.0,20.0,26.0,25.0,19.0,20.0,21.0,20.0,11.0,17.0,17.0,10.0,5.0,12.0,5.0,24.0,4.0,23.0,18.0,44.0,88.0,84.0,101.0,98.0,84.0,112.0,92.0,103.0,96.0,38.0,38.0,34.0,28.0,30.0,18.0,29.0,17.0,17.0,21.0,16.0,12.0,16.0,19.0,15.0,15.0,6.0,13.0,15.0,2.0,12.0,8.0,5.0,7.0,5.0,9.0,15.0,12.0,9.0,14.0,13.0,15.0,4.0,6.0,12.0,8.0,4.0,4.0,5.0,14.0,12.0,6.0,4.0,8.0,9.0,13.0,11.0,2.0,5.0,6.0,4.0,3.0,2.0,8.0,11.0,15.0,15.0,15.0,3.0,15.0,13.0,6.0,10.0,8.0,1.0,15.0,0.0,0.0,15.0,15.0,11.0,6.0,10.0,3.0,0.0,12.0,12.0,8.0,3.0,6.0,15.0,2.0,3.0,14.0,14.0,13.0,14.0,12.0
13.0,3.0,11.0,15.0,13.0,6.0,13.0,12.0,13.0,13.0,5.0,5.0,2.0,8.0,10.0,7.0,13.0,1.0,11.0,10.0,11.0,13.0,0.0,2.0,3.0,2.0,7.0,14.0,12.0,12.0,14.0,15.0,0.0,11.0,12.0,2.0,1.0,5.0,10.0,2.0,1.0,8.0,1.0,3.0,10.0,4.0,15.0,15.0,8.0,4.0,17.0,25.0,33.0,45.0,63.0,77.0,66.0,100.0,121.0,130.0,102.0,166.0,136.0,209.0,161.0,104.0,189.0,153.0,139.0,189.0,148.0,135.0,133.0,100.0,138.0,113.0,101.0,121.0,95.0,73.0,79.0,41.0,24.0,29.0,14.0,22.0,16.0,21.0,18.0,12.0,26.0,25.0,19.0,15.0,14.0,15.0,14.0,17.0,19.0,15.0,17.0,64.0,52.0,84.0,85.0,72.0,96.0,61.0,82.0,36.0,60.0,52.0,36.0,41.0,47.0,35.0,26.0,17.0,27.0,18.0,17.0,16.0,11.0,5.0,14.0,9.0,8.0,6.0,6.0,10.0,14.0,4.0,6.0,9.0,9.0,11.0,12.0,4.0,12.0,10.0,3.0,14.0,2.0,15.0,6.0,7.0,15.0,12.0,12.0,1.0,3.0,14.0,13.0,15.0,13.0,10.0,4.0,11.0,9.0,13.0,2.0,9.0,11.0,11.0,4.0,8.0,12.0,6.0,6.0,6.0,6.0,15.0,11.0,14.0,5.0,13.0,12.0,11.0,4.0,2.0,8.0,14.0,15.0,15.0,6.0,10.0,1.0,14.0,4.0,6.0,11.0,13.0,11.0,14.0,14.0,11.0,8.0,13.0,5.0,9.0
15.0,7.0,14.0,9.0,9.0,13.0,7.0,10.0,6.0,12.0,13.0,13.0,15.0,6.0,7.0,11.0,9.0,18.0,8.0,16.0,1.0,14.0,10.0,13.0,7.0,4.0,4.0,8.0,15.0,6.0,8.0,14.0,9.0,15.0,15.0,8.0,5.0,7.0,15.0,6.0,6.0,10.0,6.0,10.0,8.0,4.0,7.0,15.0,8.0,0.0,10.0,2.0,13.0,15.0,12.0,14.0,8.0,4.0,16.0,30.0,34.0,55.0,78.0,60.0,70.0,97.0,74.0,98.0,104.0,99.0,138.0,114.0,192.0,164.0,118.0,165.0,164.0,90.0,153.0,141.0,96.0,130.0,106.0,106.0,150.0,87.0,144.0,127.0,80.0,114.0,107.0,40.0,51.0,14.0,29.0,9.0,24.0,21.0,10.0,24.0,17.0,12.0,10.0,14.0,10.0,11.0,11.0,22.0,14.0,25.0,20.0,10.0,15.0,56.0,80.0,54.0,95.0,82.0,62.0,77.0,35.0,76.0,41.0,19.0,26.0,16.0,27.0,11.0,13.0,8.0,16.0,17.0,15.0,11.0,11.0,10.0,11.0,3.0,6.0,5.0,10.0,14.0,15.0,6.0,7.0,8.0,11.0,15.0,7.0,11.0,4.0,9.0,5.0,12.0,11.0,14.0,14.0,14.0,6.0,7.0,7.0,8.0,12.0,11.0,10.0,3.0,3.0,25.0,22.0,10.0,9.0,5.0,13.0,13.0,9.0,15.0,9.0,7.0,9.0,8.0,7.0,10.0,10.0,5.0,6.0,10.0,8.0,10.0,8.0,7.0,8.0,1.0,10.0,12.0,0.0,11.0,5.0,4.0,13.0,5.0
9.0,6.0,4.0,9.0,14.0,6.0,9.0,13.0,6.0,6.0,5.0,7.0,3.0,6.0,8.0,9.0,5.0,4.0,4.0,8.0,8.0,10.0,10.0,10.0,10.0,15.0,9.0,7.0,7.0,15.0,11.0,15.0,9.0,4.0,9.0,13.0,9.0,6.0,8.0,15.0,2.0,14.0,4.0,14.0,6.0,13.0,9.0,17.0,47.0,49.0,87.0,73.0,106.0,131.0,110.0,147.0,177.0,145.0,175.0,166.0,120.0,190.0,150.0,132.0,172.0,149.0,110.0,150.0,139.0,125.0,146.0,143.0,84.0,105.0,84.0,46.0,37.0,21.0,19.0,24.0,27.0,12.0,18.0,15.0,17.0,15.0,14.0,7.0,12.0,15.0,18.0,25.0,15.0,20.0,36.0,83.0,91.0,78.0,97.0,42.0,94.0,89.0,64.0,78.0,28.0,25.0,18.0,30.0,28.0,22.0,25.0,15.0,10.0,14.0,14.0,9.0,11.0,8.0,15.0,8.0,6.0,3.0,0.0,12.0,7.0,9.0,5.0,12.0,4.0,2.0,14.0,14.0,12.0,13.0,4.0,8.0,2.0,3.0,6.0,5.0,2.0,11.0,6.0,13.0,0.0,2.0,11.0,5.0,7.0,8.0,9.0,8.0,19.0,14.0,8.0,1.0,7.0,7.0,13.0,15.0,4.0,12.0,12.0,15.0,11.0,12.0,14.0,10.0,6.0,13.0,9.0,12.0,15.0,9.0,4.0,11.0,8.0,3.0,14.0,5.0,10.0,13.0,15.0,8.0,8.0,4.0,14.0,14.0,7.0,4.0,10.0,7.0,14.0,5.0,11.0,1.0,6.0,4.0,7.0,13.0
4.0,10.0,8.0,10.0,14.0,2.0,15.0,12.0,7.0,10.0,8.0,6.0,14.0,11.0,5.0,10.0,3.0,12.0,12.0,4.0,8.0,4.0,8.0,5.0,13.0,11.0,14.0,13.0,1.0,0.0,9.0,13.0,6.0,15.0,10.0,7.0,12.0,3.0,8.0,5.0,11.0,2.0,6.0,10.0,0.0,3.0,13.0,9.0,3.0,4.0,11.0,13.0,13.0,15.0,2.0,3.0,8.0,11.0,9.0,7.0,9.0,18.0,50.0,46.0,69.0,91.0,73.0,95.0,133.0,92.0,129.0,147.0,187.0,135.0,130.0,150.0,174.0,81.0,169.0,154.0,121.0,147.0,138.0,107.0,142.0,130.0,107.0,130.0,109.0,56.0,75.0,42.0,34.0,17.0,20.0,19.0,12.0,16.0,14.0,5.0,16.0,13.0,11.0,11.0,11.0,11.0,17.0,14.0,15.0,14.0,14.0,80.0,53.0,103.0,52.0,108.0,98.0,94.0,103.0,53.0,77.0,33.0,23.0,31.0,18.0,32.0,17.0,23.0,12.0,21.0,14.0,11.0,14.0,13.0,12.0,4.0,14.0,6.0,11.0,8.0,5.0,7.0,10.0,6.0,13.0,6.0,6.0,13.0,11.0,7.0,7.0,5.0,8.0,10.0,15.0,11.0,2.0,11.0,3.0,1.0,3.0,9.0,5.0,8.0,14.0,2.0,6.0,14.0,2.0,10.0,6.0,2.0,7.0,8.0,3.0,14.0,13.0,13.0,7.0,15.0,4.0,10.0,5.0,8.0,6.0,4.0,13.0,8.0,11.0,12.0,10.0,9.0,15.0,9.0,1.0,0.0,3.0,9.0,2.0,4.0
16.0,2.0,0.0,6.0,3.0,15.0,3.0,9.0,5.0,12.0,6.0,15.0,13.0,1.0,6.0,4.0,8.0,10.0,4.0,3.0,2.0,15.0,13.0,0.0,9.0,14.0,9.0,2.0,11.0,8.0,8.0,11.0,3.0,12.0,5.0,3.0,3.0,8.0,10.0,4.0,15.0,11.0,9.0,11.0,9.0,3.0,13.0,13.0,14.0,12.0,6.0,7.0,13.0,13.0,4.0,10.0,13.0,12.0,10.0,12.0,7.0,8.0,37.0,43.0,92.0,110.0,154.0,160.0,152.0,155.0,159.0,108.0,157.0,152.0,112.0,158.0,124.0,104.0,127.0,123.0,100.0,138.0,123.0,107.0,122.0,82.0,104.0,122.0,64.0,80.0,50.0,28.0,22.0,20.0,18.0,13.0,14.0,12.0,9.0,12.0,17.0,8.0,15.0,19.0,13.0,23.0,6.0,21.0,18.0,31.0,76.0,56.0,94.0,79.0,83.0,81.0,62.0,95.0,76.0,59.0,60.0,23.0,34.0,21.0,30.0,21.0,23.0,20.0,16.0,14.0,13.0,9.0,9.0,10.0,4.0,3.0,7.0,7.0,5.0,12.0,7.0,10.0,15.0,6.0,6.0,15.0,13.0,14.0,14.0,9.0,15.0,8.0,12.0,0.0,13.0,6.0,14.0,12.0,4.0,5.0,11.0,11.0,12.0,7.0,14.0,7.0,5.0,8.0,8.0,6.0,2.0,14.0,6.0,14.0,4.0,10.0,12.0,7.0,13.0,15.0,3.0,14.0,12.0,15.0,6.0,10.0,2.0,5.0,15.0,8.0,5.0,11.0,9.0,12.0,12.0,11.0,5.0,12.0,8.0,9.0
9.0,7.0,7.0,8.0,8.0,11.0,10.0,5.0,4.0,13.0,6.0,6.0,4.0,10.0,9.0,5.0,12.0,11.0,6.0,7.0,4.0,4.0,15.0,12.0,15.0,4.0,6.0,13.0,10.0,14.0,10.0,6.0,1.0,2.0,12.0,14.0,14.0,2.0,1.0,13.0,14.0,12.0,8.0,11.0,5.0,17.0,9.0,2.0,11.0,3.0,11.0,4.0,10.0,13.0,36.0,40.0,72.0,106.0,85.0,87.0,136.0,109.0,139.0,153.0,115.0,122.0,117.0,94.0,139.0,116.0,94.0,115.0,95.0,117.0,117.0,71.0,117.0,100.0,66.0,101.0,85.0,50.0,63.0,35.0,23.0,19.0,18.0,23.0,7.0,14.0,15.0,12.0,12.0,13.0,13.0,12.0,14.0,13.0,15.0,15.0,12.0,27.0,90.0,60.0,82.0,67.0,91.0,100.0,69.0,96.0,73.0,71.0,54.0,21.0,32.0,28.0,19.0,25.0,15.0,31.0,16.0,11.0,16.0,14.0,18.0,13.0,15.0,11.0,9.0,8.0,6.0,9.0,12.0,2.0,4.0,14.0,11.0,6.0,7.0,6.0,9.0,13.0,5.0,2.0,1.0,12.0,1.0,7.0,14.0,2.0,11.0,1.0,4.0,13.0,11.0,4.0,10.0,10.0,15.0,9.0,4.0,13.0,11.0,14.0,15.0,9.0,11.0,15.0,15.0,6.0,13.0,3.0,15.0,3.0,0.0,15.0,14.0,15.0,12.0,12.0,2.0,0.0,12.0,11.0,11.0,12.0,15.0,9.0,11.0,4.0,14.0,4.0,7.0,1.0,7.0,13.0,2.0,4.0,11.0,14.0
1.0,4.0,1.0,12.0,11.0,13.0,9.0,15.0,3.0,6.0,2.0,8.0,15.0,4.0,2.0,14.0,1.0,9.0,7.0,2.0,2.0,6.0,10.0,12.0,10.0,2.0,8.0,0.0,15.0,13.0,10.0,9.0,5.0,3.0,5.0,0.0,15.0,12.0,13.0,8.0,9.0,10.0,9.0,9.0,7.0,9.0,7.0,9.0,8.0,6.0,11.0,36.0,27.0,56.0,88.0,48.0,93.0,102.0,81.0,109.0,117.0,132.0,106.0,111.0,95.0,129.0,102.0,107.0,139.0,67.0,131.0,128.0,64.0,131.0,115.0,74.0,111.0,113.0,60.0,104.0,77.0,41.0,31.0,25.0,17.0,22.0,14.0,12.0,15.0,10.0,13.0,12.0,12.0,13.0,23.0,11.0,16.0,13.0,19.0,10.0,27.0,82.0,78.0,111.0,75.0,120.0,74.0,84.0,84.0,34.0,40.0,27.0,37.0,14.0,28.0,13.0,17.0,20.0,10.0,7.0,7.0,7.0,15.0,15.0,15.0,6.0,4.0,11.0,7.0,11.0,4.0,14.0,8.0,4.0,2.0,14.0,7.0,5.0,4.0,7.0,4.0,6.0,11.0,2.0,12.0,13.0,10.0,7.0,4.0,7.0,5.0,1.0,1.0,2.0,14.0,15.0,14.0,11.0,13.0,2.0,1.0,12.0,13.0,14.0,13.0,1.0,3.0,11.0,1.0,2.0,11.0,0.0,9.0,8.0,9.0,14.0,2.0,15.0,7.0,14.0,5.0,9.0,9.0,11.0,8.0,7.0,7.0,6.0,2.0,3.0,9.0,1.0,2.0,12.0,6.0,8.0,14.0,7.0,2.0,6.0
9.0,9.0,13.0,8.0,4.0,12.0,10.0,1.0,11.0,9.0,15.0,5.0,0.0,4.0,15.0,7.0,4.0,11.0,2.0,6.0,2.0,10.0,7.0,0.0,12.0,10.0,1.0,13.0,4.0,15.0,15.0,6.0,15.0,15.0,9.0,7.0,8.0,13.0,8.0,14.0,6.0,15.0,11.0,3.0,9.0,11.0,13.0,11.0,8.0,2.0,34.0,40.0,44.0,62.0,63.0,73.0,75.0,89.0,109.0,105.0,112.0,166.0,138.0,167.0,174.0,115.0,152.0,157.0,98.0,146.0,149.0,80.0,125.0,144.0,80.0,123.0,128.0,78.0,131.0,112.0,56.0,50.0,24.0,23.0,20.0,25.0,16.0,16.0,17.0,15.0,14.0,14.0,12.0,11.0,10.0,4.0,18.0,11.0,18.0,15.0,14.0,20.0,64.0,104.0,54.0,101.0,78.0,76.0,92.0,65.0,103.0,52.0,25.0,19.0,15.0,22.0,13.0,21.0,23.0,17.0,19.0,17.0,12.0,12.0,13.0,6.0,13.0,14.0,6.0,7.0,7.0,8.0,12.0,12.0,6.0,7.0,2.0,13.0,5.0,8.0,8.0,15.0,13.0,9.0,12.0,8.0,9.0,13.0,4.0,15.0,13.0,6.0,14.0,3.0,3.0,15.0,11.0,1.0,9.0,4.0,1.0,12.0,2.0,6.0,7.0,9.0,9.0,12.0,14.0,0.0,9.0,15.0,6.0,12.0,11.0,4.0,5.0,8.0,14.0,13.0,12.0,14.0,11.0,9.0,12.0,9.0,1.0,8.0,13.0,12.0,12.0,15.0,14.0,15.0,12.0,7.0,4.0,3.0,13.0,8.0
8.0,13.0,15.0,10.0,8.0,8.0,7.0,3.0,15.0,14.0,14.0,1.0,13.0,10.0,9.0,15.0,14.0,10.0,9.0,10.0,10.0,15.0,13.0,14.0,9.0,13.0,12.0,3.0,11.0,8.0,15.0,10.0,9.0,9.0,5.0,14.0,9.0,14.0,10.0,4.0,14.0,2.0,13.0,11.0,11.0,10.0,13.0,14.0,1.0,11.0,7.0,11.0,13.0,8.0,9.0,14.0,37.0,49.0,91.0,94.0,88.0,108.0,108.0,169.0,172.0,111.0,131.0,153.0,114.0,148.0,146.0,105.0,158.0,139.0,105.0,132.0,115.0,114.0,121.0,130.0,90.0,113.0,83.0,115.0,83.0,56.0,51.0,29.0,31.0,17.0,25.0,14.0,14.0,19.0,22.0,20.0,15.0,20.0,14.0,22.0,13.0,22.0,15.0,10.0,45.0,53.0,89.0,93.0,60.0,84.0,32.0,89.0,72.0,41.0,29.0,24.0,30.0,18.0,32.0,15.0,14.0,17.0,8.0,10.0,5.0,12.0,8.0,9.0,7.0,5.0,5.0,8.0,14.0,9.0,8.0,10.0,13.0,9.0,10.0,4.0,9.0,7.0,9.0,5.0,15.0,9.0,10.0,4.0,8.0,11.0,6.0,5.0,11.0,5.0,0.0,13.0,14.0,15.0,15.0,14.0,7.0,9.0,3.0,15.0,9.0,7.0,17.0,15.0,10.0,10.0,0.0,6.0,9.0,12.0,3.0,2.0,1.0,12.0,5.0,6.0,12.0,6.0,7.0,10.0,7.0,15.0,15.0,9.0,5.0,4.0,10.0,6.0,10.0,7.0,5.0,13.0,15.0,14.0,14.0,0.0
10.0,6.0,12.0,6.0,12.0,6.0,14.0,4.0,5.0,1.0,13.0,14.0,13.0,6.0,6.0,9.0,11.0,12.0,10.0,0.0,2.0,13.0,5.0,0.0,0.0,11.0,1.0,14.0,1.0,0.0,2.0,13.0,14.0,14.0,2.0,10.0,14.0,15.0,8.0,14.0,11.0,5.0,15.0,9.0,13.0,12.0,15.0,15.0,12.0,11.0,5.0,7.0,5.0,9.0,35.0,53.0,85.0,89.0,117.0,111.0,150.0,146.0,122.0,155.0,155.0,97.0,158.0,145.0,95.0,171.0,161.0,106.0,151.0,142.0,106.0,169.0,123.0,107.0,143.0,102.0,68.0,51.0,28.0,34.0,16.0,16.0,10.0,17.0,7.0,15.0,15.0,20.0,15.0,10.0,23.0,6.0,11.0,12.0,19.0,37.0,102.0,102.0,72.0,94.0,54.0,110.0,106.0,75.0,94.0,40.0,44.0,37.0,38.0,37.0,30.0,33.0,20.0,19.0,14.0,21.0,9.0,12.0,11.0,10.0,15.0,8.0,10.0,2.0,6.0,15.0,15.0,7.0,3.0,9.0,5.0,7.0,6.0,4.0,5.0,12.0,12.0,11.0,11.0,3.0,0.0,2.0,15.0,9.0,2.0,10.0,6.0,11.0,7.0,15.0,12.0,3.0,0.0,12.0,2.0,6.0,4.0,11.0,13.0,3.0,9.0,6.0,10.0,8.0,9.0,20.0,24.0,7.0,14.0,15.0,28.0,23.0,4.0,17.0,13.0,22.0,11.0,17.0,12.0,6.0,8.0,20.0,12.0,23.0,11.0,12.0,11.0,5.0,4.0,1.0,12.0,10.0,15.0,11.0,8.0,4.0
0.0,7.0,13.0,15.0,12.0,14.0,14.0,13.0,4.0,12.0,3.0,12.0,11.0,13.0,7.0,1.0,7.0,6.0,8.0,9.0,9.0,5.0,16.0,2.0,12.0,0.0,9.0,11.0,13.0,9.0,8.0,5.0,7.0,11.0,9.0,14.0,9.0,11.0,13.0,4.0,12.0,15.0,40.0,59.0,59.0,81.0,105.0,90.0,121.0,134.0,143.0,158.0,144.0,113.0,184.0,142.0,116.0,141.0,123.0,155.0,150.0,88.0,152.0,133.0,110.0,171.0,142.0,115.0,128.0,110.0,51.0,54.0,31.0,37.0,13.0,29.0,25.0,19.0,17.0,23.0,16.0,17.0,22.0,13.0,12.0,26.0,17.0,27.0,20.0,13.0,56.0,35.0,94.0,57.0,106.0,94.0,59.0,101.0,65.0,79.0,54.0,8.0,33.0,28.0,37.0,28.0,25.0,16.0,21.0,15.0,12.0,17.0,15.0,15.0,11.0,2.0,14.0,8.0,12.0,6.0,12.0,12.0,9.0,6.0,9.0,11.0,11.0,8.0,4.0,13.0,14.0,14.0,3.0,9.0,10.0,11.0,4.0,1.0,13.0,9.0,5.0,14.0,7.0,9.0,13.0,15.0,8.0,8.0,4.0,11.0,11.0,3.0,3.0,14.0,4.0,12.0,0.0,7.0,1.0,4.0,14.0,0.0,11.0,11.0,7.0,4.0,4.0,8.0,12.0,14.0,10.0,0.0,0.0,12.0,1.0,8.0,9.0,8.0,8.0,9.0,12.0,10.0,3.0,9.0,7.0,7.0,6.0,2.0,13.0,12.0,6.0,14.0,7.0,5.0,14.0,10.0,6.0,12.0,13.0,8.0
15.0,3.0,3.0,15.0,11.0,5.0,6.0,11.0,11.0,14.0,6.0,13.0,7.0,2.0,3.0,0.0,6.0,12.0,13.0,9.0,7.0,8.0,7.0,3.0,3.0,5.0,7.0,8.0,11.0,9.0,14.0,10.0,7.0,15.0,6.0,9.0,14.0,9.0,14.0,13.0,6.0,12.0,13.0,14.0,15.0,8.0,4.0,2.0,8.0,12.0,21.0,40.0,75.0,99.0,93.0,145.0,175.0,208.0,152.0,115.0,192.0,166.0,91.0,177.0,138.0,126.0,152.0,132.0,130.0,154.0,94.0,171.0,169.0,80.0,140.0,116.0,49.0,50.0,24.0,31.0,20.0,19.0,18.0,22.0,16.0,22.0,15.0,12.0,23.0,7.0,15.0,14.0,17.0,16.0,14.0,14.0,18.0,75.0,40.0,84.0,67.0,89.0,99.0,54.0,99.0,43.0,34.0,44.0,28.0,29.0,26.0,27.0,20.0,16.0,12.0,15.0,10.0,15.0,11.0,13.0,12.0,9.0,6.0,4.0,12.0,12.0,3.0,9.0,7.0,14.0,11.0,4.0,0.0,6.0,8.0,3.0,5.0,12.0,8.0,8.0,14.0,13.0,12.0,9.0,15.0,6.0,4.0,12.0,10.0,9.0,5.0,6.0,11.0,1.0,2.0,8.0,3.0,12.0,8.0,12.0,0.0,2.0,0.0,2.0,3.0,2.0,15.0,13.0,6.0,10.0,15.0,10.0,15.0,9.0,11.0,15.0,13.0,14.0,15.0,8.0,14.0,5.0,10.0,3.0,7.0,15.0,4.0,8.0,15.0,15.0,9.0,7.0,11.0,14.0,3.0,8.0,5.0,10.0,11.0,9.0
6.0,2.0,4.0,5.0,12.0,14.0,13.0,12.0,11.0,11.0,11.0,12.0,15.0,13.0,10.0,13.0,5.0,4.0,11.0,13.0,15.0,3.0,6.0,14.0,15.0,15.0,12.0,15.0,13.0,2.0,11.0,7.0,11.0,14.0,7.0,10.0,1.0,4.0,9.0,3.0,11.0,2.0,12.0,8.0,9.0,15.0,7.0,3.0,15.0,6.0,16.0,6.0,11.0,13.0,11.0,7.0,15.0,15.0,10.0,7.0,11.0,20.0,31.0,80.0,86.0,104.0,119.0,99.0,171.0,123.0,91.0,112.0,103.0,77.0,116.0,50.0,110.0,109.0,71.0,102.0,61.0,109.0,117.0,63.0,114.0,68.0,101.0,63.0,27.0,26.0,26.0,19.0,20.0,27.0,18.0,17.0,13.0,10.0,9.0,12.0,17.0,10.0,19.0,8.0,19.0,9.0,14.0,48.0,53.0,95.0,68.0,47.0,90.0,78.0,82.0,46.0,54.0,20.0,29.0,24.0,18.0,14.0,17.0,14.0,13.0,14.0,15.0,10.0,4.0,13.0,2.0,8.0,5.0,12.0,7.0,10.0,10.0,10.0,5.0,10.0,8.0,9.0,15.0,14.0,15.0,5.0,2.0,14.0,15.0,3.0,15.0,7.0,6.0,9.0,8.0,12.0,13.0,0.0,0.0,6.0,12.0,12.0,4.0,8.0,2.0,6.0,13.0,8.0,0.0,9.0,6.0,11.0,2.0,5.0,15.0,5.0,7.0,6.0,8.0,2.0,15.0,4.0,10.0,13.0,3.0,12.0,15.0,5.0,7.0,13.0,14.0,3.0,9.0,9.0,13.0,9.0,9.0,16.0,9.0,10.0
4.0,12.0,4.0,9.0,8.0,11.0,15.0,87.0,7.0,4.0,6.0,3.0,7.0,13.0,10.0,12.0,2.0,15.0,13.0,15.0,12.0,13.0,9.0,11.0,13.0,0.0,2.0,1.0,15.0,12.0,8.0,3.0,6.0,11.0,5.0,14.0,5.0,9.0,6.0,4.0,4.0,12.0,4.0,14.0,12.0,7.0,20.0,26.0,48.0,43.0,63.0,73.0,63.0,129.0,141.0,185.0,193.0,141.0,181.0,152.0,136.0,156.0,88.0,148.0,124.0,78.0,108.0,113.0,92.0,125.0,71.0,123.0,121.0,60.0,120.0,49.0,87.0,67.0,24.0,35.0,34.0,23.0,22.0,17.0,17.0,17.0,17.0,17.0,16.0,8.0,10.0,21.0,10.0,14.0,12.0,28.0,91.0,73.0,96.0,72.0,91.0,105.0,59.0,79.0,30.0,51.0,29.0,36.0,38.0,12.0,25.0,18.0,14.0,7.0,7.0,6.0,10.0,7.0,15.0,6.0,15.0,6.0,8.0,6.0,14.0,7.0,2.0,13.0,10.0,1.0,15.0,15.0,13.0,6.0,3.0,11.0,6.0,4.0,15.0,15.0,14.0,15.0,13.0,9.0,11.0,3.0,9.0,2.0,6.0,10.0,15.0,4.0,13.0,1.0,0.0,6.0,15.0,5.0,3.0,10.0,7.0,5.0,0.0,7.0,15.0,12.0,3.0,3.0,15.0,14.0,4.0,7.0,15.0,10.0,2.0,9.0,9.0,13.0,4.0,5.0,10.0,8.0,7.0,15.0,8.0,8.0,9.0,13.0,8.0,13.0,14.0,6.0,9.0,8.0,8.0,11.0,15.0,2.0,12.0,5.0
15.0,13.0,0.0,15.0,2.0,15.0,6.0,3.0,15.0,12.0,11.0,13.0,14.0,12.0,8.0,1.0,13.0,15.0,9.0,2.0,11.0,3.0,2.0,15.0,9.0,15.0,1.0,8.0,5.0,2.0,0.0,0.0,5.0,14.0,12.0,7.0,3.0,3.0,13.0,7.0,14.0,15.0,1.0,5.0,3.0,7.0,14.0,14.0,14.0,10.0,24.0,30.0,60.0,52.0,81.0,85.0,153.0,140.0,137.0,121.0,153.0,156.0,153.0,151.0,175.0,143.0,151.0,115.0,117.0,130.0,100.0,144.0,134.0,105.0,127.0,74.0,133.0,89.0,67.0,58.0,32.0,34.0,40.0,31.0,36.0,29.0,23.0,27.0,20.0,16.0,15.0,11.0,16.0,10.0,15.0,15.0,15.0,11.0,4.0,10.0,39.0,26.0,97.0,79.0,56.0,68.0,60.0,62.0,19.0,28.0,23.0,33.0,17.0,15.0,21.0,11.0,9.0,5.0,11.0,11.0,17.0,5.0,5.0,15.0,11.0,5.0,5.0,5.0,11.0,14.0,3.0,7.0,12.0,8.0,14.0,3.0,10.0,4.0,2.0,14.0,13.0,2.0,13.0,3.0,13.0,15.0,8.0,8.0,12.0,4.0,11.0,4.0,8.0,13.0,9.0,5.0,0.0,7.0,9.0,9.0,6.0,6.0,12.0,9.0,4.0,8.0,13.0,5.0,5.0,14.0,14.0,11.0,4.0,14.0,0.0,7.0,8.0,3.0,6.0,6.0,3.0,14.0,6.0,6.0,13.0,15.0,14.0,6.0,3.0,15.0,11.0,13.0,15.0,4.0,0.0,0.0,2.0,5.0,15.0,11.0
2.0,2.0,7.0,15.0,2.0,7.0,7.0,9.0,9.0,14.0,4.0,13.0,9.0,11.0,11.0,14.0,8.0,6.0,7.0,3.0,4.0,13.0,6.0,11.0,1.0,2.0,12.0,13.0,8.0,8.0,12.0,9.0,9.0,2.0,10.0,11.0,8.0,1.0,10.0,10.0,10.0,14.0,1.0,6.0,7.0,14.0,6.0,12.0,6.0,8.0,14.0,42.0,50.0,56.0,73.0,77.0,57.0,116.0,145.0,123.0,116.0,101.0,148.0,109.0,64.0,120.0,87.0,92.0,116.0,64.0,144.0,117.0,83.0,130.0,60.0,127.0,87.0,50.0,45.0,18.0,28.0,35.0,12.0,20.0,17.0,24.0,19.0,18.0,17.0,16.0,12.0,15.0,15.0,10.0,20.0,15.0,9.0,17.0,39.0,93.0,68.0,36.0,71.0,47.0,72.0,35.0,21.0,22.0,18.0,25.0,18.0,15.0,10.0,8.0,11.0,13.0,8.0,10.0,8.0,4.0,9.0,12.0,9.0,11.0,15.0,7.0,7.0,9.0,7.0,12.0,4.0,6.0,7.0,8.0,3.0,2.0,7.0,11.0,5.0,2.0,0.0,15.0,8.0,2.0,15.0,15.0,3.0,3.0,15.0,5.0,2.0,5.0,15.0,10.0,9.0,7.0,14.0,2.0,6.0,3.0,0.0,14.0,4.0,5.0,7.0,11.0,1.0,8.0,14.0,6.0,13.0,9.0,14.0,2.0,11.0,8.0,6.0,14.0,4.0,10.0,5.0,3.0,13.0,11.0,9.0,9.0,13.0,14.0,8.0,14.0,2.0,14.0,8.0,0.0,6.0,6.0,4.0,13.0,5.0,6.0
14.0,15.0,11.0,0.0,13.0,8.0,7.0,11.0,4.0,15.0,4.0,2.0,7.0,14.0,11.0,11.0,9.0,13.0,10.0,11.0,14.0,4.0,13.0,5.0,8.0,6.0,6.0,5.0,15.0,2.0,9.0,1.0,12.0,13.0,14.0,10.0,10.0,8.0,12.0,0.0,11.0,14.0,10.0,15.0,14.0,14.0,12.0,1.0,0.0,3.0,4.0,1.0,10.0,7.0,4.0,4.0,10.0,5.0,8.0,10.0,10.0,8.0,10.0,9.0,2.0,10.0,10.0,14.0,59.0,53.0,58.0,69.0,98.0,88.0,78.0,101.0,90.0,83.0,101.0,63.0,102.0,88.0,56.0,95.0,102.0,88.0,105.0,53.0,100.0,94.0,60.0,82.0,43.0,33.0,27.0,14.0,20.0,24.0,20.0,22.0,14.0,22.0,19.0,14.0,14.0,16.0,16.0,6.0,18.0,13.0,14.0,12.0,19.0,31.0,77.0,72.0,80.0,99.0,71.0,92.0,72.0,69.0,68.0,24.0,41.0,24.0,45.0,29.0,23.0,17.0,14.0,15.0,14.0,7.0,10.0,9.0,7.0,6.0,4.0,11.0,5.0,6.0,15.0,8.0,3.0,8.0,13.0,9.0,2.0,8.0,0.0,7.0,8.0,9.0,3.0,11.0,10.0,10.0,9.0,2.0,6.0,10.0,1.0,6.0,7.0,9.0,9.0,14.0,15.0,9.0,12.0,3.0,12.0,12.0,8.0,8.0,5.0,14.0,6.0,12.0,10.0,7.0,11.0,7.0,2.0,3.0,11.0,12.0,12.0,0.0,1.0,0.0,15.0,0.0,13.0,0.0,0.0,15.0,11.0,1.0
15.0,13.0,0.0,0.0,15.0,5.0,7.0,12.0,6.0,7.0,15.0,14.0,0.0,6.0,6.0,15.0,10.0,13.0,12.0,8.0,15.0,6.0,2.0,13.0,13.0,9.0,8.0,10.0,11.0,6.0,9.0,8.0,11.0,7.0,5.0,1.0,0.0,15.0,1.0,7.0,1.0,15.0,1.0,9.0,11.0,13.0,24.0,51.0,25.0,30.0,33.0,50.0,85.0,89.0,99.0,93.0,124.0,124.0,89.0,112.0,82.0,96.0,91.0,60.0,104.0,97.0,88.0,113.0,53.0,108.0,111.0,61.0,106.0,55.0,70.0,49.0,23.0,26.0,20.0,21.0,22.0,19.0,19.0,16.0,13.0,17.0,8.0,13.0,14.0,19.0,10.0,20.0,18.0,7.0,26.0,46.0,75.0,68.0,57.0,81.0,56.0,79.0,73.0,55.0,46.0,26.0,40.0,24.0,34.0,23.0,17.0,14.0,12.0,14.0,6.0,11.0,10.0,8.0,4.0,3.0,11.0,2.0,5.0,11.0,6.0,12.0,10.0,15.0,13.0,14.0,12.0,4.0,12.0,9.0,1.0,9.0,4.0,13.0,10.0,8.0,14.0,15.0,6.0,7.0,14.0,11.0,15.0,14.0,13.0,12.0,6.0,7.0,7.0,15.0,14.0,1.0,16.0,12.0,1.0,3.0,7.0,10.0,3.0,14.0,9.0,1.0,1.0,8.0,14.0,4.0,5.0,12.0,8.0,12.0,12.0,14.0,13.0,15.0,2.0,11.0,7.0,4.0,1.0,11.0,15.0,5.0,15.0,14.0,11.0,4.0,12.0,1.0,10.0,6.0,13.0,1.0,12.0,15.0,15.0,5.0
13.0,13.0,6.0,8.0,5.0,11.0,10.0,6.0,9.0,7.0,15.0,7.0,0.0,10.0,2.0,10.0,14.0,7.0,6.0,15.0,9.0,11.0,3.0,7.0,1.0,9.0,2.0,13.0,4.0,3.0,14.0,14.0,4.0,4.0,9.0,0.0,15.0,11.0,7.0,14.0,7.0,14.0,24.0,29.0,44.0,31.0,46.0,56.0,56.0,83.0,89.0,163.0,188.0,173.0,156.0,117.0,106.0,120.0,91.0,131.0,111.0,48.0,97.0,102.0,61.0,87.0,97.0,64.0,94.0,62.0,92.0,90.0,40.0,57.0,23.0,22.0,11.0,24.0,29.0,25.0,17.0,22.0,11.0,14.0,10.0,13.0,17.0,11.0,29.0,19.0,17.0,17.0,10.0,6.0,23.0,54.0,97.0,65.0,93.0,54.0,99.0,87.0,80.0,67.0,28.0,35.0,36.0,44.0,36.0,22.0,25.0,12.0,13.0,9.0,15.0,12.0,14.0,11.0,8.0,15.0,8.0,2.0,4.0,5.0,11.0,13.0,9.0,4.0,13.0,10.0,9.0,13.0,13.0,13.0,8.0,13.0,6.0,6.0,4.0,14.0,15.0,3.0,10.0,5.0,15.0,0.0,10.0,6.0,10.0,6.0,13.0,13.0,12.0,13.0,3.0,0.0,14.0,11.0,13.0,2.0,2.0,4.0,17.0,3.0,7.0,2.0,15.0,12.0,14.0,1.0,10.0,10.0,15.0,7.0,11.0,5.0,15.0,3.0,5.0,4.0,7.0,4.0,10.0,12.0,6.0,9.0,11.0,12.0,5.0,8.0,10.0,8.0,13.0,11.0,6.0,7.0,12.0,8.0,11.0,4.0
5.0,11.0,7.0,14.0,13.0,9.0,6.0,14.0,12.0,8.0,12.0,6.0,9.0,2.0,6.0,14.0,8.0,8.0,15.0,5.0,9.0,11.0,5.0,15.0,5.0,7.0,4.0,10.0,10.0,14.0,11.0,6.0,3.0,6.0,11.0,12.0,9.0,7.0,13.0,1.0,0.0,2.0,17.0,6.0,5.0,2.0,9.0,14.0,14.0,31.0,47.0,47.0,24.0,53.0,52.0,79.0,92.0,67.0,123.0,99.0,166.0,152.0,108.0,157.0,86.0,138.0,126.0,67.0,121.0,53.0,96.0,106.0,45.0,96.0,30.0,89.0,104.0,48.0,96.0,52.0,92.0,95.0,34.0,42.0,14.0,19.0,12.0,22.0,15.0,18.0,18.0,15.0,16.0,15.0,13.0,7.0,12.0,10.0,26.0,4.0,23.0,8.0,9.0,21.0,36.0,118.0,78.0,61.0,91.0,94.0,99.0,41.0,53.0,20.0,25.0,30.0,15.0,25.0,15.0,16.0,7.0,16.0,11.0,14.0,10.0,5.0,13.0,4.0,8.0,5.0,3.0,14.0,9.0,11.0,4.0,13.0,7.0,7.0,6.0,1.0,7.0,10.0,13.0,11.0,2.0,15.0,15.0,3.0,6.0,3.0,7.0,7.0,6.0,7.0,3.0,11.0,13.0,5.0,4.0,3.0,14.0,10.0,2.0,9.0,8.0,12.0,5.0,2.0,7.0,15.0,13.0,13.0,15.0,2.0,15.0,5.0,3.0,6.0,6.0,6.0,1.0,2.0,14.0,2.0,6.0,11.0,5.0,2.0,9.0,3.0,4.0,13.0,9.0,10.0,8.0,11.0,0.0,10.0,9.0,2.0
10.0,14.0,9.0,5.0,10.0,8.0,9.0,4.0,14.0,2.0,9.0,11.0,8.0,6.0,2.0,10.0,13.0,8.0,3.0,6.0,5.0,12.0,11.0,7.0,4.0,3.0,8.0,2.0,5.0,13.0,8.0,8.0,4.0,13.0,22.0,22.0,18.0,16.0,18.0,20.0,28.0,15.0,38.0,45.0,19.0,34.0,46.0,25.0,12.0,11.0,30.0,55.0,94.0,63.0,101.0,81.0,138.0,136.0,137.0,188.0,159.0,135.0,158.0,110.0,152.0,151.0,76.0,127.0,118.0,97.0,124.0,134.0,82.0,102.0,94.0,96.0,118.0,74.0,121.0,99.0,60.0,60.0,27.0,23.0,19.0,17.0,16.0,12.0,15.0,18.0,14.0,17.0,18.0,3.0,20.0,18.0,23.0,15.0,19.0,16.0,13.0,73.0,101.0,92.0,124.0,80.0,115.0,104.0,86.0,80.0,42.0,55.0,43.0,18.0,29.0,13.0,23.0,23.0,10.0,23.0,22.0,14.0,18.0,14.0,11.0,14.0,11.0,11.0,7.0,12.0,5.0,14.0,6.0,10.0,3.0,11.0,9.0,14.0,9.0,11.0,3.0,5.0,12.0,14.0,4.0,14.0,4.0,5.0,13.0,5.0,11.0,12.0,3.0,8.0,13.0,4.0,11.0,9.0,14.0,9.0,3.0,1.0,7.0,2.0,0.0,4.0,7.0,11.0,7.0,12.0,6.0,9.0,8.0,3.0,12.0,1.0,10.0,12.0,12.0,9.0,13.0,9.0,7.0,7.0,14.0,8.0,10.0,3.0,15.0,6.0,11.0,9.0,0.0,5.0,14.0,2.0,5.0,8.0,8.0,2.0
15.0,33.0,31.0,6.0,14.0,24.0,10.0,11.0,18.0,14.0,17.0,9.0,15.0,15.0,11.0,17.0,12.0,16.0,13.0,9.0,9.0,12.0,9.0,2.0,4.0,15.0,13.0,3.0,10.0,14.0,14.0,15.0,12.0,2.0,8.0,4.0,14.0,10.0,14.0,12.0,14.0,6.0,5.0,10.0,52.0,82.0,66.0,111.0,88.0,96.0,111.0,75.0,105.0,93.0,69.0,90.0,95.0,76.0,78.0,70.0,110.0,85.0,81.0,107.0,76.0,56.0,97.0,69.0,69.0,51.0,42.0,29.0,20.0,23.0,17.0,17.0,14.0,13.0,14.0,10.0,13.0,15.0,14.0,15.0,15.0,11.0,20.0,16.0,15.0,9.0,13.0,13.0,96.0,91.0,91.0,97.0,103.0,99.0,67.0,87.0,76.0,33.0,43.0,25.0,31.0,27.0,11.0,20.0,12.0,24.0,12.0,12.0,17.0,11.0,15.0,8.0,8.0,12.0,7.0,13.0,7.0,14.0,7.0,10.0,15.0,6.0,4.0,4.0,5.0,6.0,9.0,14.0,7.0,4.0,4.0,15.0,12.0,15.0,1.0,8.0,2.0,13.0,13.0,0.0,2.0,15.0,11.0,8.0,0.0,11.0,3.0,11.0,4.0,7.0,9.0,12.0,4.0,9.0,11.0,13.0,12.0,6.0,8.0,0.0,1.0,10.0,3.0,14.0,14.0,14.0,10.0,10.0,5.0,13.0,10.0,15.0,15.0,8.0,6.0,12.0,14.0,11.0,7.0,15.0,3.0,4.0,4.0,10.0,9.0,9.0,3.0,11.0,2.0,15.0,3.0,5.0,8.0,14.0,15.0,4.0
